objectid	globalid	reporting_date	total_case_daily_change	total_case_cumulative	deaths_daily_change	deaths_cumulative	strac_covid_positive_in_hospita	strac_covid_positive_in_icu	strac_covid_positive_on_ventila	strac_total_ventilators	strac_available_ventilators	strac_total_staffed_beds	strac_available_staffed_beds	count_7_day_moving_avg	change_in_7_day_moving_avg	deaths_under_investigation
37	ebea1936-07b9-4cd8-aeae-8be989c4dbaf	2020-03-19T05:00:00Z	3	25		0								3	3	
38	c291d334-66d1-40c5-9eee-5c68c26ce010	2020-03-20T05:00:00Z	7	32		0								5	2	
39	a988283b-40fb-40bc-b30b-d3961e351dd5	2020-03-21T05:00:00Z	10	42		0								6.666666667	1.666666667	
40	c04c9287-91d8-4188-922b-09e60e1e6001	2020-03-22T05:00:00Z	6	48	1	1	15							6.5	-0.166666667	
41	c3b0748c-835f-41c0-b9ed-518eb07d1f11	2020-03-23T05:00:00Z	12	60	0	1	19							7.6	1.1	
42	0c3f6cf3-eeb9-452c-926b-58bdf33b8011	2020-03-24T05:00:00Z	12	72	1	2	28							8.333333333	0.733333333	
43	664f1b34-0430-4a95-82d9-c6fb357b9d42	2020-03-25T05:00:00Z	13	85	0	2	31							9	0.666666667	
44	d6811c8c-7ebb-4909-ab57-406dc0621645	2020-03-26T05:00:00Z	29	114	0	2	38							12.71428571	3.714285714	
45	6979aaf7-e783-4347-9b0b-2eba1e48cd5d	2020-03-27T05:00:00Z	8	122	0	2	44							12.85714286	0.142857143	
46	2752044d-302a-4741-91d3-6a680905ac59	2020-03-28T05:00:00Z	18	140	3	5	52							14	1.142857143	
47	7a6d27a1-e679-4474-b842-07a48afe78db	2020-03-29T05:00:00Z	17	157	0	5	53							15.57142857	1.571428571	
48	f5b62c32-29c2-4ebc-af44-42a2fb6db6ae	2020-03-30T05:00:00Z	13	170	1	6	60							15.71428571	0.142857143	
49	04e5e5e5-7acd-403d-8fd0-a435a179b862	2020-03-31T05:00:00Z	36	206	1	6	69							19.14285714	3.428571429	
50	82b93aae-be14-4075-9b5e-5ea5f511008a	2020-04-01T05:00:00Z	23	229	1	9	72	31	26	726	566	4580	1480	20.57142857	1.428571429	
51	9f051745-bdd0-45ca-baac-3d447a86f245	2020-04-02T05:00:00Z	25	254	0	9	67	32	27	707	532	4567	1969	20	-0.571428571	
52	a4a103a0-58b0-40cc-b9cd-43f06f4cb459	2020-04-03T05:00:00Z	88	342	0	9	75	37	28	720	546	4601	2172	31.42857143	11.42857143	
53	03bcd590-d858-45c2-b43d-ce6d63a418aa	2020-04-04T05:00:00Z	42	384	2	11	80	43	34	766	606	4803	2310	34.85714286	3.428571429	
54	a5a7b28c-a4f9-446d-9530-575877bb88e4	2020-04-05T05:00:00Z	26	410	1	12	79	47	28	725	579	4752	1953	36.14285714	1.285714286	
55	77a5f4b0-1049-40e8-a135-f3fb921b60eb	2020-04-06T05:00:00Z	46	456	1	13	91	52	35	728	516	4807	2050	40.85714286	4.714285714	
56	ad85c14c-c53a-419e-bf50-c5fc1feab963	2020-04-07T05:00:00Z	47	503	0	13	88	51	40	725	498	4799	1843	42.42857143	1.571428571	
57	9ac6518f-8525-4a66-98d0-ebfacd8ad63d	2020-04-08T05:00:00Z	51	554	7	20	84	50	41	702	509	4838	2067	46.42857143	4	
58	c0499a03-8a1f-4d0c-affc-bcbf7eb602df	2020-04-09T05:00:00Z	61	615	2	22	85	55	42	706	506	4848	2214	51.57142857	5.142857143	
59	3c5cba27-830a-4fc6-b4aa-1bd0ea4ae306	2020-04-10T05:00:00Z	50	665	2	24	89	56	44	707	541	4821	2031	46.14285714	-5.428571429	
60	dcf9b301-986a-4ecc-a5db-253097dda1ee	2020-04-11T05:00:00Z	58	723	3	27	84	52	46	702	554	4806	2013	48.42857143	2.285714286	
61	63f6253e-1342-4a72-8244-16bd643854fa	2020-04-12T05:00:00Z	49	772	0	27	89	52	40	742	579	4796	2034	51.71428571	3.285714286	
62	055e07e7-d081-4730-86aa-5cece63d24bb	2020-04-13T05:00:00Z	22	794	6	33	88	52	37	709	546	4677	2000	48.28571429	-3.428571429	
63	032f4eb2-6b72-45d6-8f22-65817d095119	2020-04-14T05:00:00Z	21	815	0	33	89	54	38	709	536	4696	1902	44.57142857	-3.714285714	
64	dcbd2453-8bc1-4383-97e3-9b7c2759693a	2020-04-15T05:00:00Z	75	890	4	37	89	50	36	712	512	4694	2053	48	3.428571429	
65	0f9a449b-1216-4e58-b2d8-e97d7c5e2146	2020-04-16T05:00:00Z	28	918	0	37	76	51	35	708	541	4689	1873	43.28571429	-4.714285714	
66	74d30b5a-a861-4d6b-8a45-e78651c33a5d	2020-04-17T05:00:00Z	41	959	0	37	80	47	25	705	542	4707	1615	42	-1.285714286	
67	fab9919d-dae7-44fa-ac9f-7f8b5b7c6ee6	2020-04-18T05:00:00Z	33	992	1	38	76	44	24	704	542	4639	1789	38.42857143	-3.571428571	
68	70aa1ab4-36bd-4226-a123-9d76c7ace648	2020-04-19T05:00:00Z	23	1015	1	39	81	41	24	704	555	4707	1635	34.71428571	-3.714285714	
69	f62d62c4-104e-4714-ac63-65cd6668a320	2020-04-20T05:00:00Z	14	1029	0	39	81	41	25	710	514	4700	1792	33.57142857	-1.142857143	
70	02129154-3ff0-4896-bc01-b1f7e4eb0e2a	2020-04-21T05:00:00Z	51	1080	0	39	82	41	24	713	554	4730	1752	37.85714286	4.285714286	
71	08898409-0b66-492c-afb8-fb4dfe742a24	2020-04-22T05:00:00Z	46	1126	0	39	79	38	22	713	575	4671	1763	33.71428571	-4.142857143	
72	6d93481c-f37e-4f13-acf0-895648c5a26e	2020-04-23T05:00:00Z	41	1167	4	43	64	32	20	712	567	4695	1596	35.57142857	1.857142857	
73	e21796bc-b7d9-4cc4-8376-62c9a89f9248	2020-04-24T05:00:00Z	28	1195	0	43	63	32	17	712	565	4686	1763	33.71428571	-1.857142857	
74	ddf15626-2052-4803-8c8f-4e8324417879	2020-04-25T05:00:00Z	36	1231	0	43	62	32	17	709	545	4678	1830	34.14285714	0.428571429	
75	69832323-0820-45ce-86bb-6606da7cc02d	2020-04-26T05:00:00Z	23	1254	1	43	58	33	17	709	548	4675	1765	34.14285714	0	
76	239469a3-b524-4db5-a7a4-9dee474a484d	2020-04-27T05:00:00Z	21	1275	1	44	59	34	16	711	548	4691	1764	35.14285714	1	
77	9aed4a66-0d74-42d8-958f-caf374d83725	2020-04-28T05:00:00Z	32	1307	0	44	56	33	16	708	548	4686	1675	32.42857143	-2.714285714	
78	111eb463-cac0-49ce-8425-c2e136de83de	2020-04-29T05:00:00Z	19	1326	2	46	55	36	20	708	560	4686	1619	28.57142857	-3.857142857	
79	cfd6295d-ed61-4458-87e4-70d489296360	2020-04-30T05:00:00Z	48	1374	2	48	55	37	21	711	560	4690	1585	29.57142857	1	
80	3f3b92f0-1129-482e-9c96-c5d89ff8c70e	2020-05-01T05:00:00Z	103	1477	0	48	60	42	21	711	551	4707	1618	40.28571429	10.71428571	
81	e06392f2-d57f-41bf-958a-3b8521b02cbc	2020-05-02T05:00:00Z	108	1585	0	48	58	37	20	707	556	4695	1698	50.57142857	10.28571429	
82	ac625699-6cf7-4556-8890-f9ed690e7280	2020-05-03T05:00:00Z	28	1613	0	48	59	34	20	707	557	4685	1808	51.28571429	0.714285714	
83	26ed164f-a758-4937-9b64-4d37ee5a9612	2020-05-04T05:00:00Z	39	1652	0	48	57	33	18	711	555	4681	1646	53.85714286	2.571428571	
84	928a93df-b1a1-4ad5-86a4-5fa85b9593ab	2020-05-05T05:00:00Z	25	1677	4	52	61	35	25	708	541	4704	1494	52.85714286	-1	
85	1c8ab152-b6c4-4e79-9bac-fc6507c23b32	2020-05-06T05:00:00Z	84	1761	1	53	60	34	21	708	556	4727	1504	62.14285714	9.285714286	
86	a89f92de-fd0b-491a-97e1-194ccca95ca8	2020-05-07T05:00:00Z	44	1805	1	54	63	38	25	711	553	4734	1498	61.57142857	-0.571428571	
87	369dd4c5-05d2-4b6d-b8ce-890357c4a308	2020-05-08T05:00:00Z	30	1835	2	56	63	34	21	708	550	4752	1613	51.14285714	-10.42857143	
88	7392b56e-3498-4cbe-b60f-5afae58527da	2020-05-09T05:00:00Z	52	1887	0	56	62	35	21	708	550	4729	1587	43.14285714	-8	
89	180d0a01-2751-4f03-ab01-700d7350e1e0	2020-05-10T05:00:00Z	14	1901	0	56	61	37	22	713	549	4707	1668	41.14285714	-2	
90	7095a7f6-19ef-4079-8102-279975fa15a9	2020-05-11T05:00:00Z	19	1920	1	57	63	44	26	717	553	4723	1779	38.28571429	-2.857142857	
91	7e449336-2260-463d-bd62-d985f20de329	2020-05-12T05:00:00Z	22	1942	0	57	66	43	27	717	544	4735	1499	37.85714286	-0.428571429	
92	a6217346-6a17-4b7d-8647-95c71989e6e2	2020-05-13T05:00:00Z	34	1976	1	58	67	36	27	716	551	4734	1457	30.71428571	-7.142857143	
93	ad45c49a-07c4-4e67-bdac-93f795a94e31	2020-05-14T05:00:00Z	65	2041	1	59	65	38	26	718	554	4725	1479	33.71428571	3	
94	4b9a9a4e-8140-472c-bc1c-bda66f41ad68	2020-05-15T05:00:00Z	79	2120	3	62	70	34	25	714	554	4721	1502	40.71428571	7	
95	0ad935ab-3127-4dd0-b963-0899eb867757	2020-05-16T05:00:00Z	72	2192	0	62	66	29	14	714	560	4719	1484	43.57142857	2.857142857	
96	2cbd74fb-620c-4549-bb45-be88d67e4dee	2020-05-17T05:00:00Z	16	2208	0	62	70	31	16	714	558	4687	1544	43.85714286	0.285714286	
97	3c728dfb-beb6-4480-bfb5-68068d3df8b0	2020-05-18T05:00:00Z	5	2213	0	62	77	36	18	712	567	4703	1610	41.85714286	-2	
98	f05dbf71-84da-4b9c-b395-363528bbfae0	2020-05-19T05:00:00Z	65	2278	0	62	80	35	20	712	557	4721	1420	48	6.142857143	
99	63998d4c-277b-4ad5-8ff6-a96dde8c4851	2020-05-20T05:00:00Z	44	2322	1	63	82	36	17	712	545	4734	1449	49.42857143	1.428571429	
100	05f4c96f-28e6-4238-a55f-ade1aabf42db	2020-05-21T05:00:00Z	49	2371	1	64	82	40	20	712	538	4720	1325	47.14285714	-2.285714286	
101	304b09e6-3b3c-4c89-9f01-4d08c041b5bd	2020-05-22T05:00:00Z	21	2392	2	66	73	41	21	714	543	4704	1203	38.85714286	-8.285714286	
102	05cf9444-fc9f-41f4-bf01-6332dcbbcbdd	2020-05-23T05:00:00Z	26	2418	0	66	70	38	19	714	546	4725	1510	32.28571429	-6.571428571	
103	bcbe266c-e021-4c75-8185-cff7ae4721d6	2020-05-24T05:00:00Z	24	2442	3	69	79	41	20	712	551	4737	1542	33.42857143	1.142857143	
104	3c5e9e0b-155a-4fb0-9e2a-c60bcfdbb917	2020-05-25T05:00:00Z	7	2449	0	69	84	43	17	711	562	4718	1530	33.71428571	0.285714286	
105	e1ec30f4-950b-4882-bebb-a3717f8f56c6	2020-05-26T05:00:00Z	31	2480	0	69	87	44	19	713	568	4712	1463	28.85714286	-4.857142857	
106	ed85dbad-72a6-4b9b-9b59-1957ab9a0df6	2020-05-27T05:00:00Z	45	2525	1	70	92	39	19	717	558	4736	1559	29	0.142857143	
107	118c54c5-7e00-499d-b2fd-87baa60a4944	2020-05-28T05:00:00Z	58	2583	1	71	95	41	22	717	566	4736	1489	30.28571429	1.285714286	
108	91abed60-5922-4d7e-8630-00ed537c7067	2020-05-29T05:00:00Z	53	2636	1	72	91	40	25	707	566	4729	1430	34.85714286	4.571428571	
109	25726735-7197-4827-8c1b-3c62d9c0e498	2020-05-30T05:00:00Z	189	2825	1	73	83	39	20	707	558	4724	1393	58.14285714	23.28571429	
110	6475339c-7681-4203-8cfa-4d70de2cc7a5	2020-05-31T05:00:00Z	5	2830	1	74	92	39	22	704	558	4702	1462	55.42857143	-2.714285714	
111	de50ebbe-613e-4f25-bad5-5f639fb4219c	2020-06-01T05:00:00Z	9	2839	1	75	93	39	20	704	554	4686	1430	55.71428571	0.285714286	
112	3cd186a3-8a03-484c-a7fe-9b91dead3cb2	2020-06-02T05:00:00Z	43	2882	0	75	92	35	21	701	562	4729	1364	57.42857143	1.714285714	
113	7615f1fe-c590-4e39-b252-95d4f5cc484b	2020-06-03T05:00:00Z	71	2953	3	78	90	37	21	704	562	4743	1534	61.14285714	3.714285714	
114	9dcea625-26a9-4acc-94a3-a95972d91d1f	2020-06-04T05:00:00Z	65	3018	0	78	93	36	19	704	559	4731	1486	62.14285714	1	
115	17c13863-e24b-44fa-a258-4f64b7e4b67a	2020-06-05T05:00:00Z	125	3143	0	78	88	37	19	704	551	4729	1408	72.42857143	10.28571429	
116	5970a7f8-b7b8-4ff4-94f9-d6a4797921e2	2020-06-06T05:00:00Z	147	3290	0	78	84	34	16	704	555	4709	1487	66.42857143	-6	
117	f75e4f30-6afe-4170-822b-0cf00040227a	2020-06-07T05:00:00Z	21	3311	0	78	90	32	17	704	553	4706	1488	68.71428571	2.285714286	
118	ddb74546-3143-4023-9c78-2ce4bcec527e	2020-06-08T05:00:00Z	22	3333	0	78	96	38	23	703	539	4693	1643	70.57142857	1.857142857	
119	30d4c70f-b33b-4948-bed8-21d0fa800aae	2020-06-09T05:00:00Z	180	3513	2	80	107	43	24	702	539	4720	1444	90.14285714	19.57142857	
120	7a392796-a2be-4913-9ae1-940170b3f2a8	2020-06-10T05:00:00Z	135	3648	0	80	108	50	28	702	543	4739	1219	99.28571429	9.142857143	
121	5755b0fd-4d78-41a8-8404-036a0c865c3a	2020-06-11T05:00:00Z	192	3840	2	82	122	54	25	696	542	4733	1324	117.4285714	18.14285714	
122	c71fedaf-e427-40ef-bbfe-eaa00c0b10ea	2020-06-12T05:00:00Z	172	4012	2	84	138	58	26	696	540	4749	1315	124.1428571	6.714285714	
123	0b2a68cc-bc30-4175-a1c3-05f6342ac194	2020-06-13T05:00:00Z	230	4242	4	88	148	58	26	702	548	4747	1233	136	11.85714286	
124	4225245f-5ba7-41b7-b6bc-c1df171418b3	2020-06-14T05:00:00Z	151	4393	0	88	176	70	29	702	547	4747	1160	154.5714286	18.57142857	
125	4df44314-52ac-4fe6-b74b-fae4db5c5858	2020-06-15T05:00:00Z	44	4437	1	89	187	72	33	696	528	4689	1200	157.7142857	3.142857143	
126	fbb95579-e7df-4723-a2e3-15fb4313a264	2020-06-16T05:00:00Z	436	4876	0	89	212	82	41	696	536	4735	1147	194.2857143	36.57142857	
127	30498a9c-9d58-4298-904a-e64efda33dbe	2020-06-17T05:00:00Z	269	5142	1	90	241	91	43	696	527	4773	1176	213.4285714	19.14285714	
128	ded5d90f-bc4a-4561-aabf-c466c89352e8	2020-06-18T05:00:00Z	408	5550	2	92	267	92	40	687	534	4728	1129	244.2857143	30.85714286	
129	7d9e3b82-8583-405d-8953-1075c5749f24	2020-06-19T05:00:00Z	412	5962	4	96	322	101	50	687	533	4686	1153	278.5714286	34.28571429	
130	bd0a24a3-6cbe-458b-b6df-4cabc65bb4d5	2020-06-20T05:00:00Z	382	6344	0	96	336	111	49	693	531	4686	1242	300.2857143	21.71428571	
131	39c6d87b-af2f-4607-8dc3-818e9625da12	2020-06-21T05:00:00Z	538	6882	1	97	406	133	64	693	527	4707	1328	355.5714286	55.28571429	
132	e30d0f4f-95d0-47ae-9463-a488009ef9d6	2020-06-22T05:00:00Z	274	7156	0	97	446	124	60	687	497	4707	1375	388.4285714	32.85714286	
133	e263f724-b25c-419d-b711-5a923519b87c	2020-06-23T05:00:00Z	311	7467	3	100	518	146	79	687	485	4713	1207	370.5714286	-17.85714286	
134	bca1e8c5-bc85-4ffc-ae5b-477f2a507906	2020-06-24T05:00:00Z	347	7814	4	104	555	164	82	690	479	4739	1172	381.7142857	11.14285714	
135	ff56c69f-85bc-4378-a553-826148b41c7e	2020-06-25T05:00:00Z	638	8452	0	104	628	202	94	686	468	4737	1187	414.5714286	32.85714286	
136	c3721aba-0e6f-4be2-89d5-a9dcf17e4264	2020-06-26T05:00:00Z	405	8857	1	105	699	221	117	686	451	4719	1205	413.5714286	-1	
137	e84b8c2d-5e93-40f4-9890-3344628394b0	2020-06-27T05:00:00Z	795	9652	2	107	730	219	112	685	449	4722	984	472.5714286	59	
138	588d8a38-0063-4605-b26c-bab2b8b557c2	2020-06-28T05:00:00Z	495	10147	2	109	802	265	138	603	433	4713	1270	466.4285714	-6.142857143	
139	ed84e24d-99e5-4f6a-8a1e-17739d86c991	2020-06-29T05:00:00Z	650	10797	0	109	881	274	154	689	401	4709	1172	520.1428571	53.71428571	
140	92d789c7-06af-429f-9886-925081fbda25	2020-06-30T05:00:00Z	1268	12065	1	110	966	288	158	695	408	4632	1069	656.8571429	136.7142857	
141	d36f5dce-9ba6-4ffc-bb53-1323a03168ff	2020-07-01T05:00:00Z	439	12504	1	111	1019	324	175	705	403	4785	1285	670	13.14285714	
142	d734193f-35d4-4330-b937-21b48ee3158a	2020-07-02T05:00:00Z	374	12878	4	115	1074	332	180	703	398	4302	574	632.2857143	-37.71428571	
143	fe071a9a-cefa-45d6-84ac-6e349b8218bb	2020-07-03T05:00:00Z	1334	14212	2	117	1089	345	192	692	392	4310	596	765	132.7142857	
144	3a487337-5ee4-4543-bdfd-11bec8a061e4	2020-07-04T05:00:00Z	341	14553	5	122	1120	351	191	706	395	4292	647	700.1428571	-64.85714286	
145	f8427f79-6619-4045-aba2-b32dfea9ad3c	2020-07-05T05:00:00Z	198	14751	8	130	1142	365	197	707	400	4421	455	657.7142857	-42.42857143	
146	7a36b766-8952-4619-abfa-d7c6a2e551e7	2020-07-06T05:00:00Z	351	15102	2	132	1168	382	213	716	362	4442	514	615	-42.71428571	
147	8d1a4597-ca15-4d8e-946e-d6d9a4e93e0a	2020-07-07T05:00:00Z	778	15880	5	137	1235	389	221	741	371	4495	475	545	-70	
148	f74c4f4f-410c-43ae-ad07-48db2f02a931	2020-07-08T05:00:00Z	845	16725	9	146	1205	399	232	741	355	4505	482	603	58	
149	bc1f7fc7-b2fd-419c-835b-5709964867ab	2020-07-09T05:00:00Z	954	17679	19	165	1216	399	231	739	335	3869	429	685.8571429	82.85714286	
150	f20d32d6-bbbd-4683-98d2-cbf7817da4f0	2020-07-10T05:00:00Z	923	18602	1	166	1240	416	248	769	355	3863	322	627.1428571	-58.71428571	
151	0a12761a-ac04-444d-bd30-81b235e1c987	2020-07-11T05:00:00Z	535	19137	9	175	1221	401	249	752	324	3808	422	654.8571429	27.71428571	
152	86eece65-3ee7-4142-85c0-50f0b75cc3cf	2020-07-12T05:00:00Z	511	19648	9	184	1265	419	246	787	373	3870	387	699.5714286	44.71428571	
153	e6ebbcc0-81bf-427a-bbc5-bb59d8a41973	2020-07-13T05:00:00Z	565	20213	11	195	1267	421	257	790	354	3944	408	730.1428571	30.57142857	
154	d339538e-9f60-4dec-bcf4-571ec55f48be	2020-07-14T05:00:00Z	854	21067	6	201	1237	417	260	777	340	3870	426	741	10.85714286	
155	9276a8ef-bb71-4aa1-9d82-ea9d9a0fdc26	2020-07-15T05:00:00Z	479	21546	7	208	1231	438	274	780	339	3883	422	688.7142857	-52.28571429	
156	76c6e644-3ac6-4056-86d7-4fbb061367c9	2020-07-16T05:00:00Z	5501	27047	21	229	1202	430	277	779	360	3939	464	1338.285714	649.5714286	
157	9f61f626-9fb4-442b-8cca-73fb7e1b4098	2020-07-17T05:00:00Z	478	27525	11	240	1166	436	298	781	349	4019	460	1274.714286	-63.57142857	
158	1493d78f-ad22-4e31-ba36-6ad2ae9033c0	2020-07-18T05:00:00Z	1108	28633	11	251	1144	426	293	780	372	3910	419	1356.571429	81.85714286	
159	9d6c543b-58b2-4d70-b87f-6d5fa4c573d1	2020-07-19T05:00:00Z	2202	30835	6	257	1199	431	299	784	378	3862	390	1598.142857	241.5714286	
160	72364b75-3e94-4faf-9126-abf9b7da4a6b	2020-07-20T05:00:00Z	481	31316	5	262	1193	430	294	788	386	3880	424	1586.142857	-12	
161	57cade0a-1a20-4c51-b96e-558ca26b8144	2020-07-21T05:00:00Z	551	31867	12	274	1166	435	288	796	372	3873	372	1542.857143	-43.28571429	
162	72db2ea1-7687-45d4-86cb-453691bae60b	2020-07-22T05:00:00Z	1688	33555	9	283	1113	429	287	807	411	3948	481	1715.571429	172.7142857	
163	7443ee89-9192-4530-913d-e2e48bd82459	2020-07-23T05:00:00Z	1078	34633	15	298	1074	437	286	769	355	3907	487	1083.714286	-631.8571429	
164	7305880d-3401-4a64-bf16-017612555782	2020-07-24T05:00:00Z	299	34932	15	313	1059	430	294	751	331	3950	442	1058.142857	-25.57142857	
165	a5c5a6b8-d304-4e76-ab26-61b8cf552558	2020-07-25T05:00:00Z	758	35690	9	322	1047	419	290	755	336	3829	502	1008.142857	-50	
166	a02cb49d-1df0-4f93-8daf-c83261045572	2020-07-26T05:00:00Z	393	36083	1	323	1044	418	287	755	349	3771	446	749.7142857	-258.4285714	
167	4facd71d-f162-4c79-aae1-a25d6f7dbe6e	2020-07-27T05:00:00Z	355	36438	0	323	1073	431	294	760	343	3772	401	731.7142857	-18	
168	4b47f16d-9486-4331-8508-ffd34e27ca16	2020-07-28T05:00:00Z	1546	37984	12	335	1045	413	283	762	346	3821	454	873.8571429	142.1428571	
169	709d7363-4610-400b-9b9f-f5091dbf9a2d	2020-07-29T05:00:00Z	946	38930	7	342	1007	389	269	764	305	3817	446	767.8571429	-106	
170	b46a906f-15bc-4aba-a660-72784f977d73	2020-07-30T05:00:00Z	1323	40253	5	347	965	380	250	764	413	3879	486	802.8571429	35	
171	6f3d53d8-18a5-4f83-a68d-65c08b196304	2020-07-31T05:00:00Z	550	40803	2	349	926	364	252	755	402	3868	565	838.7142857	35.85714286	
172	ef3b46c8-2851-41a4-bbaf-064ef9ffd078	2020-08-01T05:00:00Z	374	41177	3	352	874	352	244	760	411	3921	523	783.8571429	-54.85714286	
173	967a72ed-f94d-438c-a592-0a2897ee898a	2020-08-02T05:00:00Z		41082	16	368	879	357	246	769	411	4387	783	849	65.14285714	
174	281c02ed-1edf-4044-8908-57a2543b3126	2020-08-03T05:00:00Z	56	41138	2	370	886	350	238	760	386	4376	693	799.1666667	-49.83333333	
175	081b547e-3649-4f22-b352-588290d03c92	2020-08-04T05:00:00Z	136	41274	10	380	858	336	234	765	383	4420	760	564.1666667	-235	
176	81762e39-f107-46f1-b37e-277ab2df4f74	2020-08-05T05:00:00Z	340	41614	14	394	817	345	238	755	370	4473	597	463.1666667	-101	
177	07ac4a3f-54d9-40f6-bf16-4119385757d6	2020-08-06T05:00:00Z	325	41939	12	406	801	345	238	758	379	4436	563	296.8333333	-166.3333333	
179	c7df1f18-0c20-4987-8604-f91b41343c16	2020-08-07T17:00:00Z	360	42299	16	422	770	339	231	771	396	4514	604	265.1666667	-31.66666667	
180	11f51d00-be57-4291-8735-2731f7a1c6fd	2020-08-08T17:00:00Z	232	42531	10	432	743	328	229	770	402	4496	666	241.5	-23.66666667	
181	89e4491d-a1e3-4b26-8f39-234ed3ab0ffa	2020-08-09T17:00:00Z	252	42783	13	445	738	322	220	772	402	4495	676	243	1.5	
182	366f9ae1-7906-4530-88f7-9fef347429eb	2020-08-10T17:00:00Z	176	42959	10	455	725	305	216	771	388	4515	681	260.1428571	17.14285714	
183	58793bdb-b8c9-43b8-8273-b0e5bfea5d2a	2020-08-11T17:00:00Z	205	43164	64	519	720	317	216	767	371	4557	737	270	9.857142857	
184	ad06d1e3-13ec-4432-8dfa-c246f8da56ed	2020-08-12T17:00:00Z	291	43455	26	545	710	309	213	767	396	4539	678	263	-7	
185	af97cd3b-c0c8-4a7a-87ed-acb1d066b24e	2020-08-13T17:00:00Z	218	43673	15	560	694	311	213	767	391	4534	705	247.7142857	-15.28571429	
186	aa4b44a2-cfd0-46c2-89a5-0938badbc919	2020-08-14T17:00:00Z	150	43823	18	578	651	306	195	765	423	4526	725	217.7142857	-30	
187	d89d2abf-9d1a-42d0-8f74-0215a2908ae1	2020-08-15T17:00:00Z	170	43993	13	591	598	285	194	772	430	4562	808	208.8571429	-8.857142857	
188	29b2e78f-2ff1-42ea-8caf-b2153ab42a33	2020-08-16T17:00:00Z	59	44052	7	598	612	279	192	774	435	4554	825	181.2857143	-27.57142857	
189	395e98ef-a86a-4bd1-8852-6d32433739c6	2020-08-17T17:00:00Z	70	44122	19	617	603	267	188	774	430	4509	808	166.1428571	-15.14285714	
190	12b970ca-f8c6-44cf-8fa2-4cabfc4d8376	2020-08-18T17:00:00Z	143	44265	20	637	569	255	184	766	420	4545	624	157.2857143	-8.857142857	
191	66f859c2-d21c-4797-81bf-c7ff77ff2cb0	2020-08-19T17:00:00Z	191	44456	19	656	546	247	162	766	427	4566	632	143	-14.28571429	
192	2c1db911-81e8-43ec-84e8-95f2ee291c76	2020-08-20T17:00:00Z	185	44642	21	677	532	239	163	764	426	4566	684	138.2857143	-4.714285714	
193	cf8864f6-09ad-4b7f-85e2-87a7a6143f74	2020-08-21T17:00:00Z	173	44814	21	698	520	232	153	764	437	4619	650	141.5714286	3.285714286	
194	5a98318e-f73f-4abe-8c68-c463d7bca379	2020-08-22T17:00:00Z	137	45156	14	712	482	213	144	764	442	4537	704	136.8571429	-4.714285714	
195	c89a36e3-395a-4c3d-8c38-675bf0964b2b	2020-08-23T17:00:00Z	99	45255	9	721	478	206	144	764	463	4518	778	142.5714286	5.714285714	
196	a2c526f9-8306-47bc-8480-704aa1431c4d	2020-08-24T17:00:00Z	109	45364	4	725	473	207	139	764	454	4549	764	148.1428571	5.571428571	
197	37d17117-2091-4b9a-8b3d-a7b82c2c758f	2020-08-25T17:00:00Z	124	45488	16	741	458	209	139	768	454	4544	682	145.4285714	-2.714285714	
198	9b615422-27b9-4cf8-88a4-03289431a536	2020-08-26T17:00:00Z	134	45622	13	754	436	202	134	771	459	4519	632	137.2857143	-8.142857143	
199	28fd0984-89ee-4d65-8ffa-071d0417c344	2020-08-27T17:00:00Z	189	45811	13	767	412	197	132	773	470	4515	654	137.8571429	0.571428571	
200	feaea268-4f35-431c-8101-3bc1c97c87ae	2020-08-28T17:00:00Z	272	46083	13	780	393	196	125	774	479	4579	643	152	14.14285714	
201	bd51198b-8c79-4b8a-82df-0f67fa94d7e8	2020-08-29T17:00:00Z	208	46291	13	793	366	174	111	773	494	4505	603	162.1428571	10.14285714	
202	b1e39fb7-e568-489d-8094-0bc8bf7f85d5	2020-08-30T17:00:00Z	110	46401	9	802	366	162	103	773	498	4460	716	163.7142857	1.571428571	
203	ad639643-b504-4b18-82a1-039524e7d086	2020-08-31T17:00:00Z	40	46441	7	809	386	155	95	767	504	4505	774	153.8571429	-9.857142857	
204	04ef905e-cc8f-4228-8819-45a0ccd54230	2020-09-01T17:00:00Z	222	46663	13	822	366	157	93	767	501	4484	628	167.8571429	14	
205	7ed5324a-ec82-4b74-8485-756d44853319	2020-09-02T17:00:00Z	250	46913	13	835	356	164	93	767	506	4477	610	184.4285714	16.57142857	
206	c0468a52-083a-4f93-847f-d2986cdb67c1	2020-09-03T17:00:00Z	157	47070	16	851	344	155	87	767	502	4550	604	179.8571429	-4.571428571	
207	8cdee0d5-a883-4f93-8953-1cdaf12eb421	2020-09-04T17:00:00Z	114	47184	22	873	323	145	83	765	509	4519	601	157.2857143	-22.57142857	
208	1efed977-9101-4800-896c-017db805704d	2020-09-05T17:00:00Z	131	47315	20	893	317	141	81	765	510	4455	641	146.2857143	-11	
209	50571c33-1b80-48d9-8463-1553312dd1ad	2020-09-06T17:00:00Z	228	47543	6	978	306	141	83	765	516	803	4392	163.1428571	16.85714286	
210	04fde49b-fb0f-46a7-8807-ea6f2d60f43c	2020-09-08T17:00:00Z	193	47736	1	979	304	134	81	762	515	4423	785	185	21.85714286	
211	983ed168-a357-43a8-8c28-a36e6f998a81	2020-09-09T17:00:00Z	151	47887	2	981	298	130	84	765	510	4487	647	174.8571429	-10.14285714	
212	e5a73919-0522-40dc-86d8-5f2c95aab7cc	2020-09-10T17:00:00Z	69	47956	9	990	284	128	80	765	499	4520	571	149	-25.85714286	
213	ab89b360-91dd-4e7e-8f22-7fea2b5486eb	2020-09-11T17:00:00Z	118	48074	1	991	278	113	59	765	523	4520	613	143.4285714	-5.571428571	
214	d135eb23-bf09-4e71-86ad-2f156f46e428	2020-09-12T17:00:00Z	124	48198	1	992	260	110	55	765	524	4502	693	144.8571429	1.428571429	
215	9b508eab-552e-4639-8f41-a942f6864399	2020-09-13T17:00:00Z	142	49915	1	1016	246	108	54	765	495	4442	706	146.4285714	1.571428571	
216	be489036-9eff-460b-8a8a-4a94052265e2	2020-09-14T17:00:00Z	101	50106	0	1016	248	105	51	765	521	4442	700	128.2857143	-18.14285714	
217	1cc3f97d-c38e-430c-8346-1bb841127f03	2020-09-15T17:00:00Z	115	50131	3	1019	228	105	47	765	511	4479	547	117.1428571	-11.14285714	
218	c5fb6a6a-9b5d-4f1e-85fa-8816829d6898	2020-09-16T17:00:00Z	153	50284	3	1022	210	100	42	758	516	4478	568	117.4285714	0.285714286	
220	37715059-6eea-4ec4-8195-16f018ac76af	2020-09-17T17:00:00Z	141	50425	2	1024	214	100	43	758	520	4488	595	127.7142857	10.28571429	
222	bb4d8441-b364-426c-83a6-8f374863f4d1	2020-09-18T17:00:00Z	162	50587	1	1025	218	99	43	768	524	4548	593	134	6.285714286	
223	a921376e-3b85-42b9-8e20-72d9e87ab45b	2020-09-19T17:00:00Z	173	50760	0	1025	214	89	43	768	533	4496	709	141	7	
224	3400b481-d51e-433f-8312-7e4461133aee	2020-09-20T17:00:00Z	108	53341	1	1061	225	92	45	768	544	4438	803	136.1428571	-4.857142857	
225	ef69bfa2-3c76-4048-8be5-e5b1b1b5350c	2020-09-21T17:00:00Z	102	53443	1	1062	226	85	45	768	550	4485	863	136.2857143	0.142857143	
226	92e639cd-0122-40d5-80db-1dc6e91a4931	2020-09-22T17:00:00Z	196	53639	6	1068	233	86	42	767	537	4501	626	147.8571429	11.57142857	
227	6ee05eba-fb68-4ceb-83ed-7d0c62442915	2020-09-23T17:00:00Z	155	53794	0	1068	228	87	41	767	539	4487	596	148.1428571	0.285714286	
228	737482b7-3bdf-4dc9-83ac-be9614474858	2020-09-24T17:00:00Z	177	53971	5	1073	231	87	36	772	564	4481	554	153.2857143	5.142857143	
229	6051e9f0-c7f5-4cd5-81c4-444cc3a6e90b	2020-09-25T17:00:00Z	224	54195	0	1073	225	83	34	767	556	4499	526	162.1428571	8.857142857	
230	f28a7cfd-3650-4e25-871c-f4c7f9b100d1	2020-09-26T17:00:00Z	100	54295	1	1074	228	85	30	767	557	4503	668	151.7142857	-10.42857143	
231	0d97559e-0d9f-4bcf-8f74-35bed8c1d214	2020-09-27T17:00:00Z	56	57145	3	1130	221	86	34	764	556	4489	736	144.2857143	-7.428571429	
232	3fa6b6bf-6610-461d-8403-1e9b6124a026	2020-09-28T17:00:00Z	63	57208	0	1130	220	86	34	762	570	4425	733	138.7142857	-5.571428571	
233	a0b2bd2b-7a0e-4004-8c9c-bf8ceb39f31b	2020-09-29T17:00:00Z	469	57677	5	1135	230	81	29	764	550	4429	583	177.7142857	39	
234	09012585-bd59-4aef-8201-d20c99c4eb2d	2020-09-30T17:00:00Z	155	57832	1	1136	212	81	30	769	569	4501	598	177.7142857	0	
235	f36d7634-af8d-436d-8d85-2762f09a2565	2020-10-01T17:00:00Z	104	57936	2	1138	205	76	36	769	565	4549	602	167.2857143	-10.42857143	
236	9c5abe58-1b76-439f-8cc7-5e17b69a4242	2020-10-02T17:00:00Z	103	58039	0	1138	196	76	31	734	521	4540	567	150	-17.28571429	
237	50a2da14-447e-4d4d-8897-6818fd6ecb43	2020-10-03T17:00:00Z	145	58184	5	1143	191	81	34	734	515	4526	642	156.4285714	6.428571429	
238	ad5c29a8-34de-4375-8399-0054a098244f	2020-10-04T17:00:00Z	113	58678	0	1167	200	80	30	734	513	4446	734	164.5714286	8.142857143	
239	df0856ab-b8a4-44ac-8d0a-095569a6e438	2020-10-05T17:00:00Z	68	58746	0	1167	219	86	38	734	515	4493	734	165.2857143	0.714285714	
240	7531f92e-e465-4df8-8e4e-cdde616cb7f6	2020-10-06T17:00:00Z	193	58939	1	1168	206	82	41	735	508	4505	580	125.8571429	-39.42857143	
241	b80a13ad-c755-4ff6-85e7-d19539099a97	2020-10-07T17:00:00Z	214	59153	0	1168	203	84	39	735	529	4591	579	134.2857143	8.428571429	
242	5f32f1a6-7328-47aa-8e4d-3de4744d8db2	2020-10-08T17:00:00Z	170	59323	3	1171	185	80	36	720	518	4465	592	143.7142857	9.428571429	
243	f7021b2f-6e81-4b75-8a1e-25aa0946cf8c	2020-10-09T17:00:00Z	191	59514	0	1171	193	84	37	720	528	4504	548	156.2857143	12.57142857	
244	934eda3f-d9ed-44dc-8fa6-1288c2022e5a	2020-10-10T17:00:00Z	80	59594	3	1174	190	83	38	725	522	4478	741	147	-9.285714286	
245	86dbb021-d290-493e-8bef-585f3e95e52f	2020-10-11T17:00:00Z	90	59684	0	1201	192	81	39	720	531	4414	720	143.7142857	-3.285714286	
246	6c08df93-265f-4882-8590-091fef5cbe19	2020-10-12T17:00:00Z	46	59730	0	1201	184	78	40	720	520	4428	727	140.5714286	-3.142857143	
247	389a1d11-779d-42cc-850a-45b4ea935010	2020-10-13T17:00:00Z	172	59902	6	1207	190	78	39	720	511	4432	620	137.5714286	-3	
248	0b719d52-7ea0-4d17-834c-2b7ff7caae7b	2020-10-14T17:00:00Z	132	60034	0	1207	193	80	39	720	511	4470	563	125.8571429	-11.71428571	
249	ed8f60c7-a907-4bb8-86a0-6764e1a9db7c	2020-10-15T17:00:00Z	224	60258	2	1209	203	76	33	720	513	4453	529	133.5714286	7.714285714	
250	cfada5cc-e965-4f72-82d3-cdc8d0d25df6	2020-10-16T17:00:00Z	184	60442	2	1211	200	80	32	720	537	4472	550	132.5714286	-1	
251	b022eb5b-08e7-462a-8dfe-488a4d2bb370	2020-10-17T17:00:00Z	187	60629	0	1211	192	81	29	720	531	4445	654	147.8571429	15.28571429	
252	fef52ab9-cc95-4182-8e23-fc98391e5d17	2020-10-18T17:00:00Z	116	63328	1	1228	190	83	30	720	529	4406	766	151.5714286	3.714285714	
253	4c35a8e3-21e2-4468-80f2-defad2071fc6	2020-10-19T17:00:00Z	98	63426	2	1230	193	84	36	720	517	4403	698	159	7.428571429	
254	996ede25-d404-4a44-8a96-ae4ff4cfa694	2020-10-20T17:00:00Z	168	63594	0	1230	189	91	42	719	503	4408	472	158.4285714	-0.571428571	
255	d4b9ae2b-9204-4932-8a21-b37949463442	2020-10-21T17:00:00Z	213	63807	2	1232	200	90	43	719	509	4450	467	170	11.57142857	
256	727be1fa-d31c-46e7-8b4d-038e0663439c	2020-10-22T17:00:00Z	207	64014	0	1232	209	89	42	719	509	4439	405	167.5714286	-2.428571429	
257	ace739ea-760b-436d-8137-1fb7a4acb5a7	2020-10-23T17:00:00Z	247	64261	0	1232	208	85	36	719	509	4460	523	176.5714286	9	
258	581af1de-d2ca-422d-82aa-60706e29801c	2020-10-24T17:00:00Z	215	64476	0	1232	220	85	41	719	517	4458	618	180.5714286	4	
259	4c713f9a-37ea-45d7-8322-9ef1e44baba1	2020-10-25T17:00:00Z	140	64616	0	1247	237	87	42	719	504	4423	737	184	3.428571429	
260	7c90fd7a-76bb-468a-8ef4-f3c931b12b53	2020-10-26T17:00:00Z	151	64767	0	1247	248	91	45	719	512	4420	719	191.5714286	7.571428571	
261	862342c1-a573-43bc-82ff-23a303e442a8	2020-10-27T17:00:00Z	174	64941	0	1247	238	89	46	719	504	4493	550	192.4285714	0.857142857	
262	4511c25f-abe4-41b6-8e69-0cc1e9612d99	2020-10-28T17:00:00Z	281	65222	3	1250	225	84	44	719	503	4466	548	202.1428571	9.714285714	
263	fc17ab07-ef47-491e-87e9-7b295bd42c66	2020-10-29T17:00:00Z	201	65423	0	1250	223	80	38	719	503	4470	521	201.2857143	-0.857142857	
264	fcbfd980-abfe-4286-86ca-e123b60079b6	2020-10-30T17:00:00Z	177	65600	1	1251	235	92	50	719	480	4429	545	191.2857143	-10	
265	9f385422-d034-4b9b-8fc2-19937e28927f	2020-10-31T17:00:00Z	273	65873	0	1251	227	88	58	719	483	4382	642	199.5714286	8.285714286	
266	ecd03936-3a93-483e-8bdd-5b5bf869f372	2020-11-01T18:00:00Z	191	66064	0	1260	227	94	59	719	483	4379	725	206.8571429	7.285714286	
267	5b5a7a7e-c3a2-445d-899b-178234c9e15d	2020-11-02T18:00:00Z	167	66231	0	1260	233	96	49	719	480	4414	750	209.1428571	2.285714286	
268	77fdd253-ea30-49f5-8f4f-2bc508ddd73b	2020-11-03T18:00:00Z	298	66529	0	1260	240	104	46	719	454	4402	576	226.8571429	17.71428571	
269	a50b8770-c12e-4ee9-8e76-5a14e4d06c97	2020-11-04T18:00:00Z	185	66714	5	1265	255	110	56	719	477	4408	565	213.1428571	-13.71428571	
270	70a467f4-fa81-448a-8458-da1c08529ced	2020-11-05T18:00:00Z	195	66909	3	1268	259	111	56	719	484	4436	499	212.2857143	-0.857142857	
271	3dc5bb08-1c0c-4dc0-8d5f-1d79983e5a32	2020-11-06T18:00:00Z	218	67127	5	1273	253	111	52	719	478	4452	455	218.1428571	5.857142857	
272	433d90c9-dbd0-4d22-8e0c-c9ed50cb83ca	2020-11-07T18:00:00Z	238	67365	0	1273	261	107	39	723	489	4392	515	213.1428571	-5	
273	1a29885a-39d0-4e22-89a5-bcb4bd1f29fa	2020-11-08T18:00:00Z	88	67627	0	1285	274	116	54	723	475	4437	618	198.4285714	-14.71428571	
274	e70b90b9-97c2-4e70-8bc2-7496ff11bea6	2020-11-09T18:00:00Z	417	68044	0	1285	294	118	56	723	484	4433	561	234.1428571	35.71428571	
275	ed2476e2-fbbb-43ec-8f6c-9253a6268ac5	2020-11-10T18:00:00Z	332	68376	0	1285	306	128	57	721	476	4508	452	239	4.857142857	
276	6ec26f1a-8608-4310-804d-4bb192c88e49	2020-11-11T18:00:00Z	337	68713	0	1285	326	125	60	716	464	4528	505	260.7142857	21.71428571	
277	d9a7e4ef-f86b-417a-8e90-5ebe1623cb21	2020-11-12T18:00:00Z	301	69014	2	1287	353	129	62	713	457	4542	475	275.8571429	15.14285714	
278	ab959bab-f6f8-47bf-880b-622a787e6d8d	2020-11-13T18:00:00Z	390	69404	6	1293	353	126	61	735	477	4535	471	300.4285714	24.57142857	
279	ec15624e-1338-4060-862f-5d128a0571de	2020-11-14T18:00:00Z	389	69793	1	1294	371	129	60	735	479	4486	518	322	21.57142857	
280	5e370745-9c13-426a-8cbd-7bddb763340f	2020-11-15T18:00:00Z	133	70042	1	1301	384	131	67	732	478	4494	647	328.4285714	6.428571429	
281	cc372923-9d5a-486f-8308-4644abef9a8b	2020-11-16T18:00:00Z	194	70236	0	1301	407	142	65	732	502	4466	705	296.5714286	-31.85714286	
282	aacabf28-4911-4db5-80a4-d9065d6606e9	2020-11-17T18:00:00Z	292	70528	3	1304	407	142	65	732	502	4466	705	290.8571429	-5.714285714	
283	00a372d5-3249-4d9c-88fd-f2342085c274	2020-11-18T18:00:00Z	366	70894	3	1307	435	139	73	732	478	4507	395	295	4.142857143	
284	1c331b1c-23ae-4915-8f89-9d00b47df250	2020-11-19T18:00:00Z	483	71377	2	1309	440	153	65	732	505	4519	455	321	26	
285	ba3bfa07-c5e2-42aa-8edc-3c4287b39639	2020-11-20T18:00:00Z	936	72313	7	1316	444	141	66	756	532	4555	456	399	78	
286	188db8d0-723a-44e2-85d1-701ee05f29ef	2020-11-21T18:00:00Z	492	72805	2	1318	466	148	66	756	526	4493	445	413.7142857	14.71428571	
287	f02277d0-831b-42b4-8e61-137afa697f6e	2020-11-22T18:00:00Z	567	73882	0	1335	492	165	84	758	510	4506	613	475.7142857	62	
288	647f3d36-6609-44eb-8900-a2b62937722c	2020-11-23T18:00:00Z	709	74591	0	1335	509	171	80	758	511	4495	568	549.2857143	73.57142857	
289	6342ad3d-0fab-4ad6-8a69-1a8df0da3faa	2020-11-24T18:00:00Z	1127	75718	2	1337	513	173	86	756	504	4561	518	668.5714286	119.2857143	
290	2b4bd945-de31-4cf8-8202-bcae18c232c9	2020-11-25T18:00:00Z	1032	76750	6	1343	543	175	88	757	499	4522	549	763.7142857	95.14285714	
291	fd454c2a-00e1-43f9-8300-835d080e2eb7	2020-11-26T06:00:00Z	812	77562	0	1343	536	167	97	757	518	4528	760	810.7142857	47	
292	da01f815-a603-443e-8abd-ec4da9f37aaa	2020-11-27T06:00:00Z	220	77782	0	1343	528	173	93	756	531	4487	801	708.4285714	-102.2857143	
293	39d351ec-9ae4-450e-8cd5-4c7fa3eb1b4b	2020-11-28T06:00:00Z	629	78411	1	1344	548	172	92	756	530	4484	712	728	19.57142857	
294	d573878d-70fe-45af-8737-0f457b52cc19	2020-11-29T06:00:00Z	888	80057	0	1357	582	178	96	756	504	4443	712	773.8571429	45.85714286	
295	674afabf-f155-4d6f-896c-c5fe6d861deb	2020-11-30T18:00:00Z	1117	81174	0	1357	587	182	99	757	513	4442	641	832.1428571	58.28571429	
296	13386d46-fc5a-4537-831c-c698f562b754	2020-12-01T18:00:00Z	452	81626	5	1362	593	188	104	759	499	4521	554	735.7142857	-96.42857143	
297	456733df-c8eb-483f-8e4d-22c7b38acf2a	2020-12-02T18:00:00Z	1499	83125	9	1371	580	192	103	779	499	4542	517	802.4285714	66.71428571	
298	32695a19-5b66-4a6e-8c1d-132a82f5e84b	2020-12-03T18:00:00Z	760	83885	1	1372	593	198	104	777	495	4557	474	795	-7.428571429	
299	a8fe1293-ae18-4d32-83f8-7e6a77dc7bd4	2020-12-04T18:00:00Z	1316	85201	4	1376	587	207	126	777	491	4595	501	951.5714286	156.5714286	
300	f7db122a-81c7-451c-8cf7-68d5b1127858	2020-12-05T18:00:00Z	694	85895	1	1377	576	208	104	777	488	4551	615	960.8571429	9.285714286	
301	2c178253-813e-4f11-87ad-ff95a078748d	2020-12-06T18:00:00Z	1021	86986	2	1397	576	204	105	776	491	4512	664	979.8571429	19	
302	f5cc1e89-f95a-4895-8116-659b40bb82f1	2020-12-07T18:00:00Z	1210	88196	0	1397	614	207	105	776	490	4492	651	993.1428571	13.28571429	
303	9b25f3c4-04fa-41e8-8e6f-fb03316bb657	2020-12-08T18:00:00Z	1294	89490	9	1406	646	220	114	776	471	471	429	1113.428571	120.2857143	
304	70b67b24-1197-48bb-8f51-9fbc5dfa0be6	2020-12-09T18:00:00Z	730	90220	0	1406	663	226	119	776	487	4576	455	1003.571429	-109.8571429	
305	3919758e-e8e3-4d61-821e-0ac7a45a5ffd	2020-12-10T18:00:00Z	1174	91394	6	1412	679	226	116	776	489	4539	460	1062.714286	59.14285714	
306	5d72942f-873d-4413-811c-e43634be7ce5	2020-12-11T18:00:00Z	1090	92484	6	1418	716	223	115	774	489	4516	395	1030.428571	-32.28571429	
307	b74cbce4-c2df-4e8f-822d-4ecfeda1747a	2020-12-12T18:00:00Z	992	93476	0	1418	697	238	125	774	476	4536	536	1073	42.57142857	
308	8f35752b-d58b-42c2-899a-27a67a16084c	2020-12-13T18:00:00Z	655	94182	0	1429	705	234	129	774	473	4531	620	1020.714286	-52.28571429	
309	4c6132b4-2ed0-486c-89aa-e5765cfc7957	2020-12-14T18:00:00Z	599	94781	0	1429	769	258	115	774	480	4524	667	933.4285714	-87.28571429	
310	7661e13d-42ac-4fe9-8b38-a79fbf94720c	2020-12-15T18:00:00Z	1359	96140	6	1435	800	270	134	773	453	4520	444	942.7142857	9.285714286	
311	c1b4d8f1-83e5-460a-878d-70cb1f101d76	2020-12-16T18:00:00Z	1396	97536	5	1440	826	267	130	772	481	4526	385	1037.857143	95.14285714	
312	47066498-336b-47de-8fa8-1e5779d5d62a	2020-12-17T18:00:00Z	1606	99142	0	1440	837	272	134	774	473	4535	472	1099.571429	61.71428571	
313	e490d971-b5da-463f-8a85-23773114e8dc	2020-12-18T18:00:00Z	936	100078	2	1442	832	275	140	776	453	4580	427	1077.571429	-22	
314	2b2b4dd3-b849-4f24-823f-d2a2dfce694b	2020-12-19T18:00:00Z	744	100822	0	1442	824	268	133	773	463	4577	501	1042.142857	-35.42857143	
315	969be13f-f9bf-4e36-8f4c-59607a120eb9	2020-12-20T18:00:00Z	538	102164	0	1455	866	273	145	773	467	4506	624	1025.428571	-16.71428571	
316	8b8e257a-b89f-4e7c-8478-8f6ef045ef99	2020-12-21T18:00:00Z	1283	103447	5	1460	889	286	146	773	435	4436	607	1123.142857	97.71428571	
317	e2460b16-5f07-4dec-8848-c52a619a702d	2020-12-22T18:00:00Z	1717	105164	11	1471	912	292	145	772	467	4531	468	1174.285714	51.14285714	
318	9b7753e3-fbff-4b34-8a94-44b46687034f	2020-12-23T18:00:00Z	1629	106793	8	1479	945	290	152	773	452	4551	473	1207.571429	33.28571429	
319	f5dfc133-9ef6-4aab-8b88-98c1feb244d7	2020-12-24T06:00:00Z	0	106793	0	1479	1000	299	159	773	452	4551	473	978.1428571	-229.4285714	
320	c663547d-ee92-48de-88cb-0ec011b5016f	2020-12-25T06:00:00Z	0	106793	0	1479	1079	299	164	773	452	4551	473	844.4285714	-133.7142857	
321	d732003d-3a33-4e0e-8a7d-07ee1b953c77	2020-12-26T18:00:00Z	0	106793	0	1479	960	286	156	773	452	4551	473	738.1428571	-106.2857143	
322	23ab6b52-ed2d-4866-8b77-8f0b88a0e25d	2020-12-27T06:00:00Z	1282	112218	2	1510	1000	299	159	776	440	4463	755	844.4285714	106.2857143	
323	a023baed-bb0f-4c91-8130-e1d4336cbaf2	2020-12-28T06:00:00Z	43	112261	0	1510	1079	299	164	774	420	4507	644	667.2857143	-177.1428571	
324	6b327587-0ff4-4bd4-89ee-bc9aa6f82b01	2020-12-29T18:00:00Z	975	114362	11	1521	1116	314	170	775	404	4458	582	561.2857143	-106	
325	738d8360-7c1d-470c-81ed-6f3ce542c611	2020-12-30T18:00:00Z	1323	115685	17	1538	1136	331	165	773	405	4458	445	517.5714286	-43.71428571	
326	3e8ebe64-b5fa-40cf-8672-1fdaeca8e07e	2020-12-31T06:00:00Z	970	118057	0	1538	1122	321	167	772	401	4406	469	656.1428571	138.5714286	
327	eb1fa244-47ad-432f-8f84-44261c1e67c8	2021-01-01T06:00:00Z	1298	119355	8	1546	1103	328	178	782	419	4380	646	841.5714286	185.4285714	
329	d5986d88-a927-46d3-8d47-9383ed7115f2	2021-01-02T06:00:00Z	1298	119355	8	1546	1163	337	198	782	416	4422	698	1027	185.4285714	
330	f7e26746-e4f0-43e2-8959-9774fa16f76f	2021-01-03T06:00:00Z	1997	121591	7	1562	1234	337	182	782	410	4333	624	1129.142857	102.1428571	
331	4fa95ac9-3183-4c90-821c-2d18dfeeca38	2021-01-04T06:00:00Z	1057	122648	7	1569	1259	342	186	788	379	4395	548	1274	144.8571429	
332	c8dd146a-b4cd-475d-8c18-b1407852d821	2021-01-05T18:00:00Z	2152	124800	5	1574	1318	369	185	788	377	4387	468	1442.142857	168.1428571	
333	13f299a1-617a-4121-8471-219952871b76	2021-01-06T18:00:00Z	2097	126897	4	1578	1341	383	199	788	387	4450	444	1552.714286	110.5714286	
334	fa4bedd4-e953-4250-82c8-9d2342586a53	2021-01-07T18:00:00Z	1170	128067	9	1587	1376	394	214	788	376	4542	435	1581.285714	28.57142857	
335	ca387f3b-3e70-423c-8524-7d22baa6b5c3	2021-01-08T18:00:00Z	1079	129146	5	1592	1398	388	216	787	387	4581	456	1550	-31.28571429	
336	2393da0e-c6f9-4639-80fd-95cb093d539e	2021-01-09T18:00:00Z	1301	130447	1	1593	1399	381	213	783	405	4529	465	1550.428571	0.428571429	
337	9bf810f1-c65a-442e-8a32-2eef1b91b5ef	2021-01-10T18:00:00Z	3002	133519	0	1648	1407	395	229	783	384	4480	529	1694	143.5714286	
338	21a1b8af-d5fc-4091-8b1e-931e3f10e923	2021-01-11T18:00:00Z	1585	135104	1	1649	1433	392	229	785	362	4544	624	1769.428571	75.42857143	
339	8a1a8a1e-cfb0-4647-874d-55ccf69060db	2021-01-12T18:00:00Z	2303	137407	11	1660	1426	403	228	786	363	4605	561	1791	21.57142857	
340	d30bbd0e-0850-4be9-8a2a-b1827bc712d3	2021-01-13T18:00:00Z	1378	138785	25	1685	1411	393	237	785	401	4594	561	1688.285714	-102.7142857	
341	c2123a4c-33bb-441b-8e63-189f94106833	2021-01-14T18:00:00Z	1829	140614	19	1704	1407	382	231	791	416	4589	508	1782.428571	94.14285714	
342	24d5a621-38e7-4974-88d3-5a095ae566f5	2021-01-15T18:00:00Z	2889	143503	6	1710	1387	403	243	791	416	4588	476	2041	258.5714286	
343	ccc068b7-d441-4b40-8fcb-8c6e61224135	2021-01-16T18:00:00Z	2840	146343	6	1716	1394	424	241	792	419	4588	514	2260.857143	219.8571429	
344	750f46e1-8aa0-461a-8c56-9f07ee1f7e31	2021-01-17T18:00:00Z	1676	148555	3	1809	1439	436	244	795	415	4536	566	2071.428571	-189.4285714	
345	32204741-7ae7-48eb-8e0d-bbfffd5d1836	2021-01-18T18:00:00Z	1281	149836	3	1812	1520	437	260	794	410	4576	532	2028	-43.42857143	
346	2ebb4847-e9af-4ce1-8185-4c8ba13ee50d	2021-01-19T18:00:00Z	2395	152231	10	1822	1507	435	257	792	398	4555	460	2041.142857	13.14285714	
347	ef635b05-eca4-46a5-82dd-c84943cc68ed	2021-01-20T18:00:00Z	850	153081	18	1840	1466	452	247	789	386	4596	473	1965.714286	-75.42857143	
348	c89b9df4-126f-402c-8b70-61a313a65015	2021-01-21T18:00:00Z	2507	155588	17	1857	1419	426	255	791	408	4545	522	2062.571429	96.85714286	
349	e56f6921-b68c-4764-8789-f628ed657838	2021-01-22T18:00:00Z	2247	157835	17	1874	1393	414	252	792	403	4569	509	1970.857143	-91.71428571	
350	0f8ed8bc-8213-4778-8774-bbf50d1cb1f0	2021-01-23T18:00:00Z	1684	159519	18	1892	1375	414	252	792	403	4551	580	1805.714286	-165.1428571	
351	d92c571f-eb38-4410-8548-474e1106f6de	2021-01-24T18:00:00Z	289	160026	16	1967	1381	407	251	793	414	4541	627	1607.571429	-198.1428571	
352	cbdb762e-a4dd-41c3-80f5-b3ff722bae8c	2021-01-25T18:00:00Z	2082	162108	13	1967	1402	409	263	790	399	4531	597	1722	114.4285714	
353	27474185-075c-4f25-8350-c24e4241672f	2021-01-26T18:00:00Z	821	162929	18	1998	1353	404	271	790	393	4568	497	1497.142857	-224.8571429	
354	d88b3733-2ddc-4f03-8592-f38112233414	2021-01-27T18:00:00Z	1341	164270	9	2007	1341	394	255	793	390	4595	499	1567.285714	70.14285714	
355	d4687280-2959-4aa4-8e22-58a61cc9df37	2021-01-28T18:00:00Z	1752	166022	20	2027	1276	397	249	790	387	4529	472	1459.428571	-107.8571429	
356	4d1e4790-3574-4d20-8604-f91c629c2143	2021-01-29T18:00:00Z	1545	167567	19	2046	1216	401	256	785	399	4504	508	1359.142857	-100.2857143	
357	2deb89ee-6285-497d-8a7d-23aa096475e3	2021-01-30T18:00:00Z	2121	169688	19	2060	1190	398	247	785	411	4527	581	1421.571429	62.42857143	
358	209c118d-9b3b-47a6-8bc3-79406b7be5d7	2021-01-31T18:00:00Z	174	173154	11	2143	1169	385	247	782	400	4494	534	1405.142857	-16.42857143	
359	06ed8c33-963f-4e67-8996-d4123971386d	2021-02-01T18:00:00Z	2376	175530	9	2152	1171	399	244	785	397	4534	587	1447.142857	42	
360	677ebd52-c12e-4410-8ccf-cc7bf8b2b35e	2021-02-02T18:00:00Z	1260	176790	15	2167	1176	399	232	784	380	4469	433	1509.857143	62.71428571	
361	b8f0939a-a333-4f96-88a4-d2acb99399db	2021-02-03T18:00:00Z	1012	177802	14	2181	1127	394	236	786	385	4519	470	1462.857143	-47	
362	a92cd6d0-2516-4048-8db8-1583da55ed65	2021-02-04T18:00:00Z	860	178662	5	2186	1081	374	223	788	389	4511	412	1335.428571	-127.4285714	
363	5a9b1e4c-f390-4566-8fa7-70ed64da8c91	2021-02-05T18:00:00Z	1724	180386	11	2197	999	372	217	801	445	4570	465	1361	25.57142857	
364	dd10ffa1-bd40-4acf-8e1e-947c4745f348	2021-02-06T18:00:00Z	625	181011	11	2208	969	373	193	801	439	4535	591	1147.285714	-213.7142857	
365	aa81433c-850c-4d26-8833-a66f20f97d7b	2021-02-07T18:00:00Z	739	183201	3	2361	944	354	200	804	442	4507	653	1228	80.71428571	
366	defdf609-e717-4b3f-8ea2-b28e1ac8c106	2021-02-08T18:00:00Z	235	183436	1	2362	917	351	209	803	453	4442	706	922.1428571	-305.8571429	
367	9f97c539-8c22-407f-87e7-9dc809fda95d	2021-02-09T18:00:00Z	1348	184784	0	2362	884	341	198	789	441	4528	595	934.7142857	12.57142857	
368	5ac44229-ff6f-4aa6-8004-372be886044f	2021-02-10T18:00:00Z	660	185444	3	2365	855	342	198	786	435	4518	507	884.4285714	-50.28571429	
369	4987140d-4200-45c8-800f-bf371c38f79c	2021-02-11T18:00:00Z	902	186346	22	2387	791	316	182	786	437	4531	524	890.4285714	6	
370	d610b386-3813-430a-8876-554c059150eb	2021-02-12T18:00:00Z	716	187062	9	2396	767	306	164	788	449	4520	574	746.4285714	-144	
371	c30e0ac9-af71-4956-8f54-2f268a695bb4	2021-02-13T18:00:00Z	684	187746	1	2397	746	288	158	793	466	4457	634	754.8571429	8.428571429	
372	dba1a212-23fe-4bff-8c48-9788d6a83592	2021-02-20T18:00:00Z	107	189963	7	2404	615	232	141	805	482	4392	576	316.7142857	-82.42857143	
373	50e4e4ce-da6a-4971-8352-9d93d20c4896	2021-02-14T18:00:00Z	554	188300	0	0	704	283	148	792	470	4414	725	728.4285714	-26.42857143	
374	e6de071d-dd28-4acb-87f3-fd5811c642b6	2021-02-15T18:00:00Z	705	189005	0	0	709	278	156	792	472	4278	561	795.5714286	67.14285714	
375	60aa4f01-8218-482d-8d4c-fa9f1a08f66a	2021-02-16T18:00:00Z	253	189258	0	0	639	255	141	791	472	4306	534	639.1428571	-156.4285714	
376	3fae61e4-f13a-4ce3-8624-28917a7fdc1a	2021-02-17T18:00:00Z	223	189481	0	0	698	261	144	761	454	4083	377	576.7142857	-62.42857143	
377	771d94b1-8e74-4b6b-896e-c8a019b8de7d	2021-02-18T18:00:00Z	244	189725	0	0	695	257	149	805	490	4350	362	482.7142857	-94	
378	6ac6d73f-14a3-4b0e-8497-82f5d3a65d87	2021-02-19T18:00:00Z	131	189856	0	0	696	253	142	805	493	4375	336	399.1428571	-83.57142857	
379	e902a26f-2b9f-48ca-89c7-9f35313635d2	2021-02-21T18:00:00Z	77	193461	0	2492	595	232	137	805	488	4460	584	248.5714286	-68.14285714	
380	f1fba15a-40c1-46d2-8260-3aa682a63e40	2021-02-22T18:00:00Z	230	193691	0	2492	608	223	100	805	483	4428	526	180.7142857	-67.85714286	
381	13b1bc6d-c19d-40fe-866a-107fa548e50f	2021-02-23T18:00:00Z	270	193961	9	2501	569	208	126	805	487	4473	410	183.1428571	2.428571429	
382	e14e55d1-86b1-414c-835b-a849101337ab	2021-02-24T18:00:00Z	371	194332	9	2510	499	190	115	803	506	4483	397	204.2857143	21.14285714	
383	059579b4-65c8-4bfd-8366-b62646cea2a0	2021-02-25T18:00:00Z	404	194736	4	2514	494	194	111	803	515	4496	346	227.1428571	22.85714286	
384	3b16b5f6-4c0d-44b2-b575-df719a7a7cc6	2021-02-26T18:00:00Z	501	195237	6	2520	461	180	100	804	520	4503	404	280	52.85714286	
385	2e66ef7e-237d-4ba6-8f0f-8c24f8850989	2021-02-27T18:00:00Z	482	195719	0	2520	455	186	109	802	513	4479	477	333.5714286	53.57142857	
386	8a835a39-38a7-40fc-8bcb-74f309b3b3f5	2021-02-28T18:00:00Z	318	196528	0	2670	447	195	111	801	529	4430	481	368	34.42857143	
387	c3df8a46-45e2-4dd5-8d7c-2d56e3b45f16	2021-03-01T18:00:00Z	288	196816	0	2670	464	199	110	805	516	4434	463	376.2857143	8.285714286	
390	d1a006af-a5f4-420d-85f4-95c30499ae69	2021-03-02T18:00:00Z	249	197065	0	2670	418	158	90	806	517	4364	425	373.2857143	-3	
391	caee1b7d-3e0b-4505-8c6d-a85ba0014abd	2021-03-03T18:00:00Z	190	197255	6	2676	401	148	86	802	518	4483	389	347.4285714	-25.85714286	
392	ae2d6489-82bf-4e59-8662-a855a1d12537	2021-03-04T18:00:00Z	242	197497	2	2678	368	136	72	800	534	4463	412	324.2857143	-23.14285714	
393	62557fa9-ca7d-4ec5-8dc0-7a4fde198913	2021-03-05T18:00:00Z	287	197784	3	2681	335	126	65	800	541	4443	414	293.7142857	-30.57142857	
394	0901c160-f814-49e9-81e5-0b01773a87fd	2021-03-06T18:00:00Z	137	197921	4	2685	301	138	72	796	544	4446	475	244.4285714	-49.28571429	
395	b4ec7c3c-0677-493f-8144-0e6097e861de	2021-03-07T18:00:00Z	15	198568	2	2847	291	123	68	796	540	4379	542	201.1428571	-43.28571429	
396	08aa679c-99cb-414a-817c-aa2046bed2bc	2021-03-08T18:00:00Z	230	198798	0	2847	282	25	69	797	458	4385	596	192.8571429	-8.285714286	
397	42a255fe-eae1-4f35-86b3-8b8c9e8657e7	2021-03-09T18:00:00Z	171	198969	6	2853	262	120	76	798	514	4409	537	181.7142857	-11.14285714	
398	35163748-3778-4008-8f80-a71b0c528b69	2021-03-10T18:00:00Z	96	199065	3	2856	250	112	73	798	521	4413	475	168.2857143	-13.42857143	
399	8a04b72b-b4c6-45d3-8d79-d367464c42ff	2021-03-11T18:00:00Z	366	199431	5	2861	240	104	63	798	529	4436	518	186	17.71428571	
400	d6af65ec-7357-43e9-8c19-b1b36de6d0c5	2021-03-12T18:00:00Z	158	199589	3	2864	237	97	61	794	552	4404	477	167.5714286	-18.42857143	
401	d65e943b-4740-4754-8208-ac860696cd27	2021-03-13T18:00:00Z	84	199673	4	2868	248	90	59	794	567	4299	602	160	-7.571428571	
402	4b4d9d45-3e43-4b66-8496-5ac354b4b8fc	2021-03-14T17:00:00Z	171	200664	3	2990	216	86	52	794	555	4270	750	182.2857143	22.28571429	
403	f0b3bf08-9f9b-4c24-8adc-b4ac29690428	2021-03-15T17:00:00Z	154	200818	0	2990	215	90	53	794	575	4355	690	171.4285714	-10.85714286	
404	7f91334c-10ee-4b28-83b5-505e5b7cef72	2021-03-16T17:00:00Z	192	201010	1	2991	206	84	47	794	558	4399	520	174.4285714	3	
405	3f67e929-d21c-42e5-88e2-d5eb671dcf5b	2021-03-17T17:00:00Z	186	201196	4	2995	208	74	42	794	558	4389	477	187.2857143	12.85714286	
406	6bd2e8f3-2fe3-4808-8a94-373d65de3321	2021-03-18T17:00:00Z	77	201273	0	2995	202	79	41	794	556	4430	505	146	-41.28571429	
407	0f5787e3-a160-4b95-8f29-3f02e6eb2ed1	2021-03-19T17:00:00Z	138	201411	1	2996	201	75	41	794	564	4428	522	143.1428571	-2.857142857	
408	e7147f32-61ea-495a-8a56-d85956ad593a	2021-03-20T17:00:00Z	281	201692	1	2997	191	71	41	780	566	4409	648	171.2857143	28.14285714	
409	3fd04552-e566-4d36-8bb3-a742b7a1f652	2021-03-21T17:00:00Z	193	202550	0	3071	188	76	45	780	553	4292	781	174.4285714	3.142857143	
410	2e2543b6-851b-4c36-812f-55148ad8285d	2021-03-22T17:00:00Z	166	202716	0	3071	188	81	46	780	545	4304	706	176.1428571	1.714285714	
411	d528f927-9fbb-4dd1-8f37-2db9c3aa18d2	2021-03-23T17:00:00Z	133	202849	2	3073	182	72	40	780	561	4373	558	167.7142857	-8.428571429	
412	446c64c3-3a3c-4663-846c-0e28ac8a3024	2021-03-24T17:00:00Z	132	202981	0	3073	183	63	37	777	551	4424	546	160	-7.714285714	
413	9580f830-3071-4ba8-8525-ad61406afaca	2021-03-25T17:00:00Z	210	203191	3	3076	188	69	39	791	566	4425	541	179	19	
414	aba3b2c7-0e28-493c-8518-cd66d4ac197c	2021-03-26T17:00:00Z	179	203370	1	3077	184	75	40	791	585	4455	552	184.8571429	5.857142857	
415	e924c898-a63e-466c-87c2-29b1089f6c72	2021-03-27T17:00:00Z	153	203523	0	3077	187	75	34	786	566	4381	590	166.5714286	-18.28571429	
416	6fdb0013-7988-408d-8cee-3c35053b0ee0	2021-03-28T17:00:00Z	317	205099	0	3144	182	74	37	786	561	4382	728	184.2857143	17.71428571	
417	e1daf6e7-8409-408a-8d39-a3511fedaead	2021-03-29T17:00:00Z	159	205258	0	3144	192	78	38	786	569	4366	655	183.2857143	-1	
418	2b8b2e87-2881-446c-896c-3fb64f4c2a64	2021-03-30T17:00:00Z	148	205406	4	3148	193	73	34	786	567	4391	582	185.4285714	2.142857143	
419	b9e2c2d3-63ee-4b00-8055-9374b04a6567	2021-03-31T17:00:00Z	122	205528	2	3150	190	68	29	787	560	4428	487	184	-1.428571429	
420	0b5d804c-5367-4be9-8f7a-ae2e2c1e7a60	2021-04-01T17:00:00Z	249	205777	2	3152	185	74	32	788	557	4392	422	189.5714286	5.571428571	
421	acbbf193-d729-46d1-8ded-abecb65b7bd9	2021-04-02T17:00:00Z	171	205948	0	3152	183	75	31	788	560	4287	655	188.4285714	-1.142857143	
422	838d3e95-72b5-445e-8f5c-955c50b014fa	2021-04-03T17:00:00Z	93	206041	0	3152	176	77	32	788	563	4351	588	179.8571429	-8.571428571	
423	535f301f-2cd1-47ca-8af0-d92a21a6e1cf	2021-04-04T17:00:00Z	113	206154	0	3152	186	76	32	788	561	4287	655	150.7142857	-29.14285714	
424	f909e37f-3aa8-424c-8515-a36de8d56b4e	2021-04-05T17:00:00Z	275	207949	0	3210	179	72	30	788	559	4320	725	167.2857143	16.57142857	
425	cc89f998-7750-4c81-8d1e-ca4df0d22235	2021-04-06T17:00:00Z	223	208172	2	3212	189	76	29	788	546	4348	521	178	10.71428571	
426	a7f03d54-7e41-4243-849a-baba056b59ff	2021-04-07T17:00:00Z	290	208462	8	3220	195	84	28	788	566	4327	425	202	24	
427	07790b8a-a927-4562-8b0a-42aa4a1b0430	2021-04-08T17:00:00Z	144	208606	2	3222	199	84	26	788	565	4413	452	187	-15	
428	5f965d53-b441-4db5-8c30-c34fc1287472	2021-04-09T17:00:00Z	246	208852	0	3222	207	96	27	788	581	4401	408	197.7142857	10.71428571	
429	301b45c7-7dee-4dc0-8ee3-1446038f8821	2021-04-10T17:00:00Z	151	209003	0	3222	214	80	34	788	582	4375	507	206	8.285714286	
430	44c13825-7107-4dfb-8f6a-e375024a8df8	2021-04-11T17:00:00Z	253	209256	0	3222	207	75	33	788	581	4307	513	226	20	
431	f0349f1f-8d13-4776-8515-24f0e399d2d7	2021-04-12T17:00:00Z	317	210796	0	3280	217	79	38	788	576	4296	498	232	6	
432	ae8901e4-61e2-4ea3-851c-8b94b61743a5	2021-04-13T17:00:00Z	273	211069	1	3281	211	76	33	789	560	4458	395	239.1428571	7.142857143	
433	14d194f1-f598-4371-8e69-073e70da75f6	2021-04-14T17:00:00Z	252	211321	6	3287	198	70	32	789	559	4375	328	233.7142857	-5.428571429	
434	90d98329-f2b3-4e42-8045-c4049acae010	2021-04-15T17:00:00Z	76	211397	4	3291	200	71	33	787	563	4344	279	224	-9.714285714	
435	f8de79c7-40fd-4b05-84f4-7fb976b498a5	2021-04-16T17:00:00Z	25	211422	2	3293	221	76	33	785	578	4367	348	192.4285714	-31.57142857	
436	1940d291-a7d6-4152-83db-ed9a106ed388	2021-04-17T17:00:00Z	176	211598	0	3293	224	79	33	785	436	4325	436	196	3.571428571	
437	a765e33c-2e3c-400f-850c-1878753d17dc	2021-04-18T17:00:00Z	280	211878	0	3293	231	88	35	785	578	4277	558	199.8571429	3.857142857	
438	d1628ff2-8f54-4822-8daa-bbe70c07d45d	2021-04-19T17:00:00Z	119	213677	0	3233	236	93	38	785	566	4293	575	171.5714286	-28.28571429	
439	3ef80936-d792-4dbe-8d1d-e908566d21d9	2021-04-20T17:00:00Z	394	214071	1	3324	237	82	35	785	569	4308	384	188.8571429	17.28571429	
441	e7c4d8b3-be32-47b1-a2b8-57b3f42231dc	2021-04-21T17:00:00Z	311	214382	6	3330	246	84	36	785	564	4312	403	197.2857143	8.428571429	
442	5ee2231a-7e1c-468b-8402-6e29a43d6ddc	2021-04-22T17:00:00Z	249	214631	0	3330	238	83	38	780	567	4314	440	222	24.71428571	
443	2e4f65ec-de9e-47d7-8a5a-96b5c8335779	2021-04-23T17:00:00Z	68	214699	0	3330	253	84	44	785	570	4307	385	228.1428571	6.142857143	
444	0556c998-861e-4c67-8959-e554acf1b207	2021-04-24T17:00:00Z	302	215001	0	3330	245	84	50	785	577	4322	455	246.1428571	18	
445	925790b3-a4ba-4ab4-85e5-0d2603ac2805	2021-04-25T17:00:00Z	165	215166	0	3330	247	81	49	785	575	4278	523	229.7142857	-16.42857143	
446	fdc9250f-1e3c-4627-89f2-4e949174ba4d	2021-04-26T17:00:00Z	233	216339	0	3350	262	80	50	785	577	4227	495	246	16.28571429	
447	eb03d189-9aae-4db5-80b0-d2c2f9551ce6	2021-04-27T17:00:00Z	137	216476	1	3351	270	78	49	785	554	4339	406	209.2857143	-36.71428571	
449	b2d3f22c-3753-4829-8dcb-9cb02670d399	2021-04-28T17:00:00Z	402	216878	3	3354	252	72	48	786	547	4355	361	222.2857143	13	
450	be615526-df00-40ee-8f44-79dcdeb8471d	2021-04-29T17:00:00Z	341	217219	0	3354	240	67	44	773	546	4341	360	235.4285714	13.14285714	
451	cbab1eed-e26e-4454-8ee9-666e14ef5dd0	2021-04-30T17:00:00Z	267	217486	0	3354	230	69	44	773	556	4346	387	263.8571429	28.42857143	
452	6bed187b-56cd-4bd2-8338-6a3c3a0d989f	2021-05-01T17:00:00Z	279	217765	0	3354	224	73	43	773	557	4310	467	260.5714286	-3.285714286	
453	f12e8743-ed8d-44a2-88f1-fcc8f53b2ec0	2021-05-02T17:00:00Z	172	217937	0	3354	218	69	39	773	559	4259	567	261.5714286	1	
454	161428c7-7ba7-4f64-8d4a-b641fa38cf99	2021-05-03T17:00:00Z	259	218547	0	3372	220	68	44	773	557	4290	527	265.2857143	3.714285714	113
455	9004b50a-ce9b-480d-8c98-f0a44ac4db11	2021-05-04T17:00:00Z	165	218712	1	3373	223	71	42	773	559	4354	376	269.2857143	4	112
456	125ca1b3-74d7-420e-84f9-34645a6d48f4	2021-05-05T17:00:00Z	107	218819	2	3375	217	68	40	773	549	4327	317	227.1428571	-42.14285714	114
457	bca9a781-66e4-4594-8fc4-77ab5359f874	2021-05-06T17:00:00Z	189	219008	4	3379	219	71	41	773	544	4392	366	205.4285714	-21.71428571	115
458	9c3cb15a-185b-4418-821d-9dec5beca263	2021-05-07T17:00:00Z	113	219121	2	3381	220	73	41	773	543	4548	366	183.4285714	-22	117
459	53da2b55-0aa2-4d7e-8477-107a98dca9ec	2021-05-08T17:00:00Z	356	219477	0	3391	210	70	39	773	553	4457	425	194.4285714	11	117
460	8967a589-775b-4e89-8ed0-6041dd6f1ee9	2021-05-09T17:00:00Z	248	219725	0	3391	198	69	36	773	555	4424	537	205.2857143	10.85714286	117
461	5d9871e5-01c6-4720-830c-0dbe765d99e9	2021-05-10T17:00:00Z	108	219929	1	3400	206	69	30	773	550	4412	539	183.7142857	-21.57142857	108
462	a4304667-e32e-4866-8a40-b21acf58f6cc	2021-05-11T17:00:00Z	125	220054	0	3400	210	68	34	773	546	4351	403	178	-5.714285714	108
463	676fb430-2bc5-4b16-82ac-dadc8560a318	2021-05-12T17:00:00Z	198	220252	4	3404	206	64	35	773	545	4489	381	191	13	114
464	da5751e2-73a2-4dd9-8666-66bf9b4f6a3d	2021-05-13T17:00:00Z	265	220517	0	3404	200	55	26	773	539	4339	334	201.8571429	10.85714286	117
465	b6ad2e35-27bc-4cbe-82a5-d6c752e5630f	2021-05-14T17:00:00Z	100	220617	0	3404	192	55	26	773	537	4330	373	200	-1.857142857	119
466	fcec0b96-fdfb-4cf0-877d-112c46647659	2021-05-15T17:00:00Z	45	220662	0	3404	184	58	28	773	548	4291	407	155.5714286	-44.42857143	119
467	cd231f84-ed45-4dd7-8d4a-6b3aff7ce15e	2021-05-16T17:00:00Z	162	220824	0	3404	174	54	25	773	552	4233	478	143.2857143	-12.28571429	119
468	a4a5754f-5053-4d2f-8033-fc4904e72709	2021-05-17T17:00:00Z	231	221178	0	3433	171	52	26	773	547	4237	461	160.8571429	17.57142857	101
469	11048fdb-1b3d-4537-8995-d287164fee89	2021-05-18T17:00:00Z	159	221337	0	3433	168	49	24	773	542	4296	401	165.7142857	4.857142857	103
470	398bde7e-d78c-4137-8af3-2e29e2327b9e	2021-05-19T17:00:00Z	148	221485	5	3438	164	52	25	775	540	4325	377	158.5714286	-7.142857143	100
471	0fdaed03-47f2-4969-8686-703d7e9370df	2021-05-20T17:00:00Z	118	221603	1	3439	154	48	28	775	554	4380	382	137.5714286	-21	107
472	78fafd8d-ce20-4b02-8764-d8c3181f0602	2021-05-21T17:00:00Z	61	221664	2	3441	153	49	30	762	541	4293	384	132	-5.571428571	105
473	e876dc8e-6b63-4df6-865d-35aa9fa7c345	2021-05-22T17:00:00Z	110	221774	0	3441	142	42	29	775	551	4354	446	141.2857143	9.285714286	105
474	98d51239-1712-48dc-8603-7ad38c0732fa	2021-05-23T17:00:00Z	195	221969	0	3441	140	38	23	775	532	4263	544	146	4.714285714	105
475	2e9e0c4c-7310-4d0a-8750-48d595b7a9a3	2021-05-24T17:00:00Z	183	222429	0	3454	142	43	30	775	552	4283	562	139.1428571	-6.857142857	101
476	1e100f47-3c9b-4379-8c77-18bd159b26aa	2021-05-25T17:00:00Z	142	222571	0	3454	140	45	28	765	543	4326	387	136.7142857	-2.428571429	101
477	17ce068b-92a9-467d-87f8-020584dcc523	2021-05-26T17:00:00Z	15	222586	0	3454	139	47	26	777	549	4375	382	117.7142857	-19	104
478	e80d3e48-4a7f-4f8a-8582-44ef5dbd2984	2021-05-27T17:00:00Z	174	222760	3	3457	135	47	25	774	550	4363	365	125.7142857	8	103
479	28497df8-e284-4ed9-87de-ed7a9acf561f	2021-05-28T17:00:00Z	138	222898	2	3459	145	49	20	774	560	4343	346	136.7142857	11	106
480	0ad8e8ae-406a-4ac9-843d-2d5dc558acc2	2021-06-01T17:00:00Z	142	223283	0	3482	144	53	30	773	554	4314	495	101.7142857	0	106
481	7e505148-a2b3-42ef-833d-0fffe34b1ac5	2021-05-29T17:00:00Z	114	223012	0	3459	144	51	26	774	564	4307	458	137.2857143	0.571428571	106
482	99626376-9e38-4f44-8dc5-d1f5d2545b63	2021-05-30T17:00:00Z	81	223093	0	3459	141	53	26	774	562	4406	460	121	-16.28571429	106
483	ea7d3835-af73-49c5-8c0b-d17261ffc065	2021-05-31T17:00:00Z	48	223141	0	3459	141	53	29	774	562	4265	534	101.7142857	-19.28571429	106
484	446c9d22-26a9-4094-874d-eb8beed354de	2021-06-02T17:00:00Z	111	223394	0	3482	139	48	28	774	554	4358	378	115.4285714	13.71428571	106
485	8f814510-da7c-4a6b-86ec-f5a6f2d2f75c	2021-06-03T17:00:00Z	110	224084	4	3486	140	41	23	774	552	4346	411	106.2857143	-9.142857143	85
486	b3d3f1f3-4c71-4b9e-852c-b1358b8a2945	2021-06-04T17:00:00Z	101	224185	3	3489	128	40	22	774	556	4351	427	101	-5.285714286	88
488	1f1a46e8-d18b-4a95-bcd9-1a96efcaf460	2021-06-05T17:00:00Z	67	224252	0	3489	124	38	21	774	560	4337	440	94.28571429	-6.714285714	88
489	fe6c2074-68a5-4381-ab75-4ab06cdd66c9	2021-06-06T17:00:00Z	113	224365	0	3489	131	40	20	774	566	4303	497	98.85714286	4.571428571	88
490	3c16e4e9-4ef1-40d3-a3e2-c9c952aeea2a	2021-06-07T17:00:00Z	92	224589	0	3489	125	39	18	780	567	4269	464	105.1428571	6.285714286	94
491	017bbb95-246d-4f55-baed-5404173e93fb	2021-06-08T17:00:00Z	14	224603	1	3520	134	43	24	780	569	4337	407	86.85714286	-18.28571429	63
492	2f7e328b-e407-4cc0-9f81-b926cfafa6d2	2021-06-09T17:00:00Z	64	224667	0	3520	123	41	19	780	571	4370	360	80.14285714	-6.714285714	65
493	94c80de3-a31e-4e72-979e-9340480b9433	2021-06-10T17:00:00Z	225	224892	0	3520	126	39	17	774	567	4361	329	96.57142857	16.42857143	68
494	a9d40512-673a-4a09-b4c0-d9fac1760d9b	2021-06-11T17:00:00Z	16	224908	1	3521	126	37	18	774	561	4385	363	84.42857143	-12.14285714	69
495	e284b3eb-d9b9-4c0e-944b-b26985f83088	2021-06-12T17:00:00Z	79	224987	0	3521	118	31	18	774	511	4348	437	86.14285714	1.714285714	69
496	8133785d-e1e5-4db9-8cd4-e4fe19cfd279	2021-06-13T17:00:00Z	37	225024	0	3521	123	36	19	774	564	4270	510	75.28571429	-10.85714286	69
497	6b842044-5561-477a-b20a-798ff54e8797	2021-06-14T17:00:00Z	55	225227	0	3521	128	38	19	772	560	4265	432	70	-5.285714286	75
498	4ae68277-adda-46dc-ba50-39956c309c2a	2021-06-15T17:00:00Z	193	225420	12	3533	117	37	16	776	563	4332	370	95.57142857	25.57142857	63
499	f9cbdae5-c23f-4011-b2d5-514a733de71a	2021-06-16T17:00:00Z	127	225547	0	3533	113	32	13	776	572	4382	370	104.5714286	9	67
500	6f482d1e-45cb-4704-9998-8113f36c3b85	2021-06-17T17:00:00Z	110	225657	5	3538	112	37	13	779	551	4320	338	88.14285714	-16.42857143	67
501	3bcf793d-7a02-48d9-ab9d-27f77121d20a	2021-06-18T17:00:00Z	46	225703	0	3538	118	33	13	779	555	4338	362	92.42857143	4.285714286	67
502	db0f022a-723d-4bcb-822e-e1cc7626d24c	2021-06-19T17:00:00Z	110	225813	0	3538	122	35	16	771	549	4370	416	96.85714286	4.428571429	67
503	4d87d759-e82c-4382-a9d5-be7c338e8460	2021-06-20T17:00:00Z	59	225872	0	3538	125	42	16	771	541	4349	483	100	3.142857143	67
504	ebc971c3-60fd-4de9-8ec3-325a8a694628	2021-06-21T17:00:00Z	159	226150	1	3539	135	45	16	771	548	4306	498	114.8571429	14.85714286	74
505	2df72a1e-d721-42eb-af78-5fba9db0ec69	2021-06-22T17:00:00Z	100	226250	1	3543	147	46	14	768	548	4321	324	101.5714286	-13.28571429	70
506	d230fb27-3747-4bf9-a578-0d1c3379f1ef	2021-06-23T17:00:00Z	154	226404	4	3547	157	50	18	768	543	4357	334	105.4285714	3.857142857	66
507	d868921d-6888-4e63-abe6-3e96d6a4df23	2021-06-24T17:00:00Z	34	226438	0	3547	149	50	19	768	539	4383	359	94.57142857	-10.85714286	67
508	f7317cff-5de3-4ffe-a574-8a8fb092ec68	2021-06-25T17:00:00Z	110	226548	1	3548	145	49	23	773	554	4421	342	103.7142857	9.142857143	69
509	37253091-6b2f-47ff-b213-78ca72aad467	2021-06-26T17:00:00Z	140	226688	0	3548	132	41	21	773	544	4393	409	108	4.285714286	69
510	ea0799c2-4b34-45a1-88b1-08c6ec87af79	2021-06-27T17:00:00Z	53	226741	0	3548	125	38	21	773	544	4331	460	107.1428571	-0.857142857	69
511	fe88b7a3-ec5e-4992-937e-c93a105b4466	2021-06-28T17:00:00Z	66	227135	2	3550	120	40	21	773	545	4321	465	93.85714286	-13.28571429	75
512	64c5cb5c-6a33-49fe-90d5-1f26ff571d39	2021-06-29T17:00:00Z	241	227376	0	3559	116	38	21	775	559	4389	415	114	20.14285714	67
513	9ad18b4d-62c7-468f-b945-124bd135c0d7	2021-06-30T17:00:00Z	98	227474	0	3559	119	40	23	775	568	4381	412	106	-8	68
514	fa1076cb-48bb-4b79-95d0-b584cb8b2541	2021-07-01T17:00:00Z	61	227535	2	3561	131	44	24	775	557	4382	385	109.8571429	3.857142857	67
515	59684326-c1bf-475f-ac04-945e76ec0298	2021-07-02T17:00:00Z	63	227598	0	3561	149	46	22	775	570	4389	416	103.1428571	-6.714285714	67
516	28052c38-9661-49d3-b2ac-c4f988851e83	2021-07-03T17:00:00Z	182	227780	0	3561	142	44	19	775	563	4390	473	109.1428571	6	67
517	7edcfb13-268a-4f89-bacf-10743ec3558b	2021-07-04T17:00:00Z	53	227833	0	3561	145	46	18	775	561	4354	577	109.1428571	0	67
518	b32e79b4-e2f7-4ee7-9752-9611364c2c84	2021-07-05T17:00:00Z	78	227911	0	3561	151	44	20	775	558	4331	536	110.8571429	1.714285714	67
519	96ef9b8f-c302-470a-95e7-2bf63bbd08c1	2021-07-06T17:00:00Z	313	228508	0	3567	149	52	23	775	563	4248	486	121.1428571	10.28571429	67
520	c63bada0-e32b-4076-be72-f5017bf5543b	2021-07-07T17:00:00Z	130	228638	4	3571	155	54	18	775	563	4302	325	125.7142857	4.571428571	64
521	7a074bfc-1548-4d96-b3eb-8542715e51b1	2021-07-08T17:00:00Z	234	228872	0	3571	165	56	23	775	559	4306	352	150.4285714	24.71428571	64
522	d5452e98-b2a0-4aa2-a04e-2967bf93ba10	2021-07-09T17:00:00Z	170	229042	1	3572	184	61	22	775	566	4394	338	165.7142857	15.28571429	65
523	c8944a60-10cf-4f96-b9a7-269d147889ba	2021-07-10T17:00:00Z	337	229379	0	3572	192	67	23	775	557	4378	415	187.8571429	22.14285714	65
524	613f77d9-1d38-4712-a9c6-03b65aa794aa	2021-07-11T17:00:00Z	239	229618	0	3572	216	71	30	775	560	4346	466	214.4285714	26.57142857	65
525	12d9b232-cd22-4332-ad31-52fd8e98c261	2021-07-12T17:00:00Z	144	229891	0	3572	229	76	38	775	549	4361	494	223.8571429	9.428571429	66
526	d634e6dc-640f-45d8-80d7-6c5cd5ad45ab	2021-07-13T17:00:00Z	556	230447	2	3578	243	76	37	775	554	4303	393	258.5714286	34.71428571	61
527	a0e36d7a-d094-4e8d-9268-b11de1b6aef9	2021-07-14T17:00:00Z	176	230623	0	3578	258	81	33	775	548	4407	376	265.1428571	6.571428571	64
528	5e15c792-57bd-424e-b275-007b65b6a67d	2021-07-15T17:00:00Z	472	231095	0	3578	263	84	40	780	562	4380	367	299.1428571	34	65
529	baee6d97-8f78-4d5e-81e2-1191bb413f8b	2021-07-16T17:00:00Z	361	231456	1	3579	260	90	38	780	561	4374	355	326.4285714	27.28571429	69
530	ced34e41-8622-4ccd-bbfd-e326af6385f2	2021-07-17T17:00:00Z	392	231848	0	3579	286	91	40	780	555	4373	405	334.2857143	7.857142857	69
531	775fd0cc-1d3b-44fb-aeca-298a39f87a4f	2021-07-18T17:00:00Z	94	231942	0	3579	298	86	41	780	551	4347	482	313.5714286	-20.71428571	69
532	8083f927-4ed0-4b9d-9354-559f75f6ff00	2021-07-19T17:00:00Z	94	232036	0	3579	335	95	47	780	548	4345	447	306.4285714	-7.142857143	75
533	612bec01-94b7-4a83-9b80-22d66de98c8d	2021-07-20T17:00:00Z	360	232396	5	3584	356	108	48	781	558	4390	358	278.4285714	-28	70
534	b780efe4-aeaa-4e59-9c51-5d23fdaa3e1b	2021-07-21T17:00:00Z	771	233167	2	3586	397	110	49	781	553	4392	354	363.4285714	85	69
535	0a4952d0-457f-4071-b2ed-dc952315633f	2021-07-22T17:00:00Z	651	233818	3	3589	417	119	51	781	547	4422	337	389	25.57142857	69
536	62e58590-c4b7-47e3-a4f4-c6a0dbe042bb	2021-07-23T17:00:00Z	458	234276	0	3589	418	121	50	781	541	4420	301	402.8571429	13.85714286	70
537	21a0c747-c7d6-4d52-94f2-d0fd02759822	2021-07-24T17:00:00Z	528	234804	0	3589	457	130	53	774	529	4420	374	422.2857143	19.42857143	70
538	50d1eba8-fcd1-47ab-9d58-72522c78ee9e	2021-07-25T17:00:00Z	770	235574	0	3589	495	138	61	774	518	4358	424	518.8571429	96.57142857	70
539	932e9b70-29ca-4c49-9e91-36906857b548	2021-07-26T17:00:00Z	500	236238	2	3591	541	141	72	778	511	4365	392	576.8571429	58	79
540	84afb9ec-a586-4375-afc1-20d52eaffd56	2021-07-27T17:00:00Z	444	236682	0	3601	585	182	76	780	517	4381	240	588.8571429	12	69
541	13c22aae-2b7b-47cd-a312-4dcbcec7d7b8	2021-07-28T17:00:00Z	1424	238106	5	3606	629	192	86	780	511	4439	258	682.1428571	93.28571429	68
542	11f1f2ca-ee23-4f08-b7ca-e1ba4883b5e2	2021-07-29T17:00:00Z	944	239050	4	3610	695	195	93	779	501	4467	282	724	41.85714286	66
543	dec01939-f00e-4abd-995e-4574f74929a5	2021-07-30T17:00:00Z	968	240018	2	3612	748	200	96	782	506	4485	284	796.8571429	72.85714286	65
544	0920a6e3-df4c-4bb2-9342-207e20f9a033	2021-07-31T17:00:00Z	956	240974	0	3612	775	207	105	782	514	4487	329	858	61.14285714	65
545	8ba6437c-337a-46a2-b7a8-87e537788820	2021-08-01T17:00:00Z	1855	242829	0	3612	801	228	107	782	525	4448	387	1013	155	65
546	e7fa49b9-aacf-42d7-a5ee-e5d55fe151e6	2021-08-02T17:00:00Z	771	243700	1	3613	855	233	124	785	500	4352	370	1051.714286	38.71428571	68
547	806bc676-2564-45a8-ae57-8b61cccc3848	2021-08-03T17:00:00Z	1102	244802	0	3619	920	260	132	783	501	4467	308	1145.714286	94	62
548	af20a913-41e7-4413-8ba9-c7da2a213ca0	2021-08-04T23:00:00Z	2144	246946	1	3620	938	262	141	784	493	4436	317	1249	103	64
549	78ec87a0-afec-4745-8965-121c7742e68f	2021-08-05T23:00:00Z	1238	248184	4	3624	967	262	149	784	490	4507	291	1291	42	65
550	42afdf5b-38b6-40bb-8269-66f0d44e65dd	2021-08-06T17:00:00Z	1354	249538	1	3625	1002	273	158	786	474	4560	354	1346	55	70
551	9f1e8190-247e-4980-8bbf-87c1f534a915	2021-08-09T17:00:00Z	1055	252719	2	3627	1197	314	181	789	444	4488	379	1237	40	83
552	511983cc-fc12-4d93-8f17-67046ca38f7f	2021-08-07T17:00:00Z	1274	250812	0	3625	1064	283	175	791	469	4556	363	1391	45	83
553	136a4036-d224-4711-84c0-54ab60738e4d	2021-08-08T17:00:00Z	493	251305	0	3625	1117	298	170	791	464	4503	433	1197	-194	83
554	0a5887ca-45d7-4d5a-847a-f4b7b2df2dc6	2021-08-10T17:00:00Z	1914	254633	2	3643	1242	314	193	785	418	4504	354	1353	116	67
555	3909494c-6c54-4039-8208-3feec4089c14	2021-08-11T17:00:00Z	1949	256582	9	3652	1284	331	194	792	420	4587	282	1325	-28	66
556	621c3433-dfd3-423d-823f-e85fbd7f1fe1	2021-08-12T17:00:00Z	1212	257794	6	3658	1267	327	194	783	440	4534	295	1322	-3	70
557	5bf9df9e-a67a-4892-8c44-83cf2ac398e1	2021-08-13T17:00:00Z	1842	259636	15	3673	1299	333	214	785	418	4579	305	1391	69	66
558	6f64e85f-77f2-4d7c-8b87-56a6a81de728	2021-08-14T17:00:00Z	2020	261656	0	3673	1286	353	231	784	401	4534	375	1498	107	66
559	221b15ff-642d-4a34-83e3-e7eb902d888f	2021-08-15T17:00:00Z	1376	263032	0	3673	1335	359	233	784	402	4534	384	1624	126	66
560	173c5f42-648f-4036-8ebb-f03a41741296	2021-08-16T17:00:00Z	1206	264238	6	3679	1413	367	238	784	401	4531	365	1646	22	91
561	46938b0f-f8b9-4e20-8844-75ec549257c8	2021-08-17T17:00:00Z	1789	266027	9	3699	1383	370	244	787	388	4514	337	1628	-18	71
562	14c2d658-4985-4c5e-820d-90dec635417b	2021-08-18T17:00:00Z	1603	267630	4	3703	1397	373	230	774	351	4528	271	1578	-50	0
563	0adab1bb-7133-4072-8e9b-b2cace97d142	2021-08-19T17:00:00Z	1340	268970	7	3710	1382	371	253	775	343	4510	288	1597	19	0
564	255198f0-47c2-4872-8a1f-2ab18ee87be6	2021-08-20T17:00:00Z	1241	270211	21	3731	1385	390	262	789	337	4531	393	1511	-86	0
565	ab710110-2071-4608-849a-57fff8115b59	2021-08-21T17:00:00Z	1621	271832	0	3731	1406	410	283	814	356	4563	415	1454	-57	0
566	0ac0d69e-39ee-4d32-800a-48667762d69d	2021-08-22T17:00:00Z	895	272727	0	3731	1418	404	282	853	365	4560	409	1385	-69	0
567	286a23e7-4d4f-4859-835b-2f6ae69003b1	2021-08-23T17:00:00Z	265	273913	0	3731	1466	412	279	808	346	4523	383	1251	-134	0
568	5048ebcb-813e-465c-8f3b-43fc45f6c3d7	2021-08-24T17:00:00Z	1254	275167	5	3772	1418	407	245	802	339	4480	305	1174	-77	0
569	a6d38d6c-0b65-4d58-8c5f-1363e1e73bed	2021-08-25T17:00:00Z	1268	276435	30	3802	1371	391	238	822	371	4456	314	1126	-48	0
570	b38f127b-8cfc-40b4-83e2-af997dfc5805	2021-08-26T17:00:00Z	1341	277776	15	3817	1365	394	257	802	342	4461	348	1126	0	0
571	c5b0fcd1-17b5-45a0-84ba-3fadac36457e	2021-08-27T17:00:00Z	1590	279366	12	3829	1319	374	252	799	316	4327	417	1176	50	0
572	6d861dca-93a4-47d7-8f37-b6221fc952c6	2021-08-28T17:00:00Z	1155	280521	0	3829	1298	373	255	811	355	4316	462	1110	-66	
573	987989cf-bb7d-49d9-827c-e3e25de8be69	2021-08-29T17:00:00Z	1696	282217	0	3829	1289	381	236	811	334	4268	504	1224	114	
574	4a294776-3cfa-43bc-89b6-e07e163934c6	2021-08-30T17:00:00Z	692	282909	11	3840	1298	369	245	811	330	4275	499	1186	-38	
575	757b8d99-84bc-4c94-8494-666a502d8620	2021-08-31T17:00:00Z	864	283773	2	3895	1313	378	237	800	345	4341	471	1131	-55	
576	8ed8e2f9-3b92-4d71-8a1e-059e1b483cb5	2021-09-01T17:00:00Z	1957	285730	18	3913	1302	371	240	799	355	4303	403	1229	98	
577	75991fff-792b-4baa-88c2-f1a89df13678	2021-09-02T17:00:00Z	1681	287411	23	3936	1268	361	234	801	357	4248	345	1278	49	
578	a0aa3960-1486-4101-8419-5bc09d00bfbb	2021-09-03T17:00:00Z	966	288377	5	3941	1218	356	223	804	367	4295	331	1189	-89	
579	0162d920-7e12-44eb-8dea-caa5297c0ef5	2021-09-04T17:00:00Z	1174	289551	0	3941	1213	358	233	806	370	4284	413	1191	2	
580	1aa2f91b-591b-4fe7-8af0-4352ab6d2231	2021-09-05T17:00:00Z	540	290091	0	3941	1200	359	235	806	363	4275	469	1026	-165	
581	6b964f65-5dd5-463f-838a-3e8b4768f2d2	2021-09-06T17:00:00Z	950	291041	0	3941	1216	358	233	805	361	4269	489	1162	136	
582	045d4a0c-f1e6-4cc7-81f2-1ba8f54ada4a	2021-09-07T17:00:00Z	1288	293988	0	3994	1215	359	243	805	367	4272	477	1222	60	
583	a6113ec7-5b51-4d16-8a75-658e7e31a857	2021-09-08T17:00:00Z	1012	295000	2	3996	1194	360	242	806	365	4304	405	1087	-135	
584	24dad61b-9101-47d3-8ce4-61129ba26a6c	2021-09-09T17:00:00Z	953	295953	21	4017	1159	365	260	807	364	4323	399	983	-104	
585	092c761a-c9c0-4068-85a0-9c8a3f66f2e6	2021-09-10T17:00:00Z	620	296573	18	4035	1121	358	249	804	352	4252	379	934	-49	
586	7c9e6593-a7ad-4f14-85da-d1fd8f136a1a	2021-09-11T17:00:00Z	700	297273	0	4035	1066	347	230	804	369	4279	460	866	-68	
587	12f4f897-b67e-478e-85eb-448260348e67	2021-09-12T17:00:00Z	674	297947	0	4035	1050	337	219	804	388	4191	472	885	19	
588	330ecda4-374a-463e-8def-0313d1e2ded6	2021-09-13T17:00:00Z	994	299488	0	4035	1043	337	204	804	416	4151	493	892	7	
589	a883611d-0f02-4430-841d-f7e72e36a6ea	2021-09-14T17:00:00Z	775	300263	6	4145	1016	329	194	804	409	4200	354	818	-74	
590	066ca74e-93fa-4346-8d31-bdd1e662c611	2021-09-15T17:00:00Z	1157	301420	4	4149	991	319	210	803	406	4200	347	839	21	
591	d06425b4-097e-4f5a-8d6e-34a8eb1d78de	2021-09-16T17:00:00Z	734	302154	13	4162	960	330	212	805	420	4366	399	808	-31	
592	de0c2fd8-ea0a-4856-83e5-916fdc049b6b	2021-09-17T17:00:00Z	810	302964	9	4171	894	323	220	817	421	4309	423	835	27	
593	cd106eb4-6b80-4669-84c3-1304a6d455d3	2021-09-18T17:00:00Z	683	303647	0	4171	863	308	213	817	339	4261	493	832	-3	
594	3f0c9c77-3df1-4ba7-8226-8f8121433fbd	2021-09-19T17:00:00Z	697	304344	0	4171	867	307	214	817	401	4232	532	836	4	
595	dc063004-27cc-4cb0-80cc-9cd6b0a3380f	2021-09-20T17:00:00Z	138	304934	0	4171	883	311	197	815	393	4163	488	713	-123	
596	4dde5925-69db-40c3-8651-55440826c9cf	2021-09-21T17:00:00Z	344	305278	1	4282	868	314	196	812	375	4228	365	652	-61	
597	46f6d168-217c-42ab-889e-33fe44a59ffa	2021-09-22T17:00:00Z	920	306198	10	4292	846	300	187	812	392	4271	392	618	-34	
598	82653627-5f64-45c1-88a3-982b67d4a3e0	2021-09-23T17:00:00Z	571	306769	22	4314	820	289	158	816	396	4232	402	595	-23	
599	7186ca0c-29d6-4ac3-83ba-405714d2a69d	2021-09-24T17:00:00Z	748	307517	10	4324	799	285	162	815	400	4219	412	586	-9	
600	e5a55f60-8242-439e-8764-e32118a816db	2021-09-25T17:00:00Z	487	308004	0	4324	745	279	159	815	404	4220	530	558	-28	
601	48e90fc9-3f61-4550-87a1-1f20331db1d7	2021-09-26T17:00:00Z	660	308664	0	4324	705	268	142	815	412	4167	595	553	-5	
602	c1ffaa5e-8b4e-4f22-80e6-32b44d8085ac	2021-09-27T17:00:00Z	483	309457	1	4325	710	256	146	813	432	4095	548	602	49	
603	170f0c99-ab99-4d46-8c29-c3c176c79217	2021-09-28T17:00:00Z	441	309898	0	4408	723	257	130	812	442	4149	443	616	14	
604	727070b0-4097-4e25-8193-5b4661860761	2021-09-29T17:00:00Z	642	310540	0	4408	700	244	118	812	443	4170	410	576	-40	
605	ce98e497-ed1a-4764-8f8e-26e5505ceaa5	2021-09-30T17:00:00Z	417	310957	18	4426	659	227	112	812	464	4199	417	554	-22	
606	9052e9ba-599c-4d44-841c-403ba6108657	2021-10-01T17:00:00Z	376	311333	8	4434	616	223	102	811	471	4255	386	501	-53	
607	8c5e3f8f-c58d-4b9e-8f7b-3e2d4c4b7e2a	2021-10-02T17:00:00Z	400	311733	0	4434	577	210	97	807	466	4215	572	488	-13	
608	77712c91-b795-4ac8-8065-e7410b22c9b9	2021-10-03T17:00:00Z	557	312290	0	4434	585	222	100	807	451	4117	599	474	-14	
609	39f24e20-c61f-454f-8be3-d9e8e213aa5f	2021-10-04T17:00:00Z	287	313005	0	4434	576	219	108	804	443	4123	595	446	-28	
610	45f2fd5c-4f58-4c63-84ed-f39c5458f3bf	2021-10-05T17:00:00Z	373	313378	0	4541	553	206	100	801	433	4181	491	436	-10	
611	90b279b0-1d34-4800-8ae0-d40edb1f7499	2021-10-06T17:00:00Z	411	313789	1	4542	530	188	96	806	454	4184	420	403	-33	
612	4167cd12-43db-408a-8783-6f2a1ba08b9f	2021-10-07T17:00:00Z	396	314185	17	4559	496	184	98	806	452	4221	400	400	-3	
613	e0a9f2d4-cf4d-4de7-87e1-c8f0ec686ce9	2021-10-08T17:00:00Z	291	314476	4	4563	467	173	82	806	467	4215	515	388	-12	
614	b5b770ea-6281-4f17-86ac-89c34c3ac830	2021-10-09T17:00:00Z	477	314953	0	4563	460	182	85	806	474	4156	567	399	11	
615	b048ed61-1b57-44a0-89bb-68652e566559	2021-10-10T17:00:00Z	375	315328	0	4563	455	172	82	806	465	4099	619	373	-26	
616	c8104a8b-8182-42d3-8fba-c06ccf54fa62	2021-10-11T17:00:00Z	165	315649	1	4564	452	163	82	806	495	4082	638	355	-18	
617	c75b4ff5-d72a-4533-836c-a60d2a1479fc	2021-10-12T17:00:00Z	431	316080	2	4644	438	151	65	806	499	4084	513	364	9	
618	6e47c201-3e88-4923-87f0-974e4a39e506	2021-10-13T17:00:00Z	310	316390	5	4649	428	155	75	806	501	4095	445	349	-15	
619	7994cf42-108d-49cb-8d9f-4be9e0881adb	2021-10-14T17:00:00Z	249	316639	2	4651	393	148	75	806	491	4104	448	328	-21	
620	91b0978e-aa26-4dcf-8999-2444683a5fb7	2021-10-15T17:00:00Z	256	316895	3	4654	372	143	71	801	488	4090	512	323	-5	
621	bd580a76-4a86-4bc1-8e02-99d38790d9a6	2021-10-18T17:00:00Z	210	318126	0	4654	305	122	59	801	517	3957	711	287	7	
622	206666ad-93ae-4a22-8f7e-0319fb24f4af	2021-10-17T17:00:00Z	237	317446	0	4654	330	136	61	801	519	4005	743	280	-20	
623	025fb438-1ac0-4c2d-855a-f7bbc73aea31	2021-10-16T17:00:00Z	314	317209	0	4654	351	138	68	801	499	4058	605	300	-23	
624	c92d235e-d1b0-4853-8b24-d4c7228ae710	2021-10-19T17:00:00Z	261	318387	2	4735	297	121	59	809	527	4031	527	262	-25	
625	244aa115-e4f2-48dd-8704-034f01473505	2021-10-20T17:00:00Z	348	318735	1	4736	297	125	54	808	529	4076	517	268	6	
626	54e80201-0867-4e04-8af4-d32c8308ca83	2021-10-21T17:00:00Z	214	318949	1	4737	285	126	51	807	546	4156	493	263	-5	
627	221ab7b0-bbcd-481d-8a94-16a6de21015e	2021-10-22T17:00:00Z	209	319158	5	4742	282	125	52	807	538	4146	557	256	-7	
628	58ddff2f-28ed-4b0b-8967-0052e82d0933	2021-10-23T17:00:00Z	233	319391	0	4742	274	117	55	806	539	3997	621	245	-11	
629	5b0f0a80-4f7e-4647-84f3-22419fda4bc8	2021-10-24T17:00:00Z	191	319582	0	4742	273	114	53	806	543	3977	643	238	-7	
630	7a89a7af-b5dc-4842-8ce0-dee739d9be61	2021-10-25T17:00:00Z	211	320459	1	4743	279	107	56	806	530	3936	668	238	0	
631	84abba18-94f6-48e7-8689-af6d3ad43011	2021-10-26T17:00:00Z	155	320614	2	4807	279	109	53	804	530	3997	483	223	-15	
632	13dca094-7126-4f02-8a0b-ae11012c1434	2021-10-27T17:00:00Z	224	320838	4	4811	263	103	49	804	536	4101	487	205	-18	
633	10c9e621-2590-4458-859d-470165151fea	2021-10-28T17:00:00Z	175	321013	3	4814	241	100	45	804	552	4080	527	200	-5	
634	74f333a9-6167-42c7-8272-8acf3d01f8a8	2021-10-29T17:00:00Z	173	321186	11	4825	224	92	41	800	562	4045	524	195	-5	
635	da5f6b45-24c1-4adc-8b3e-f6ab7f2dfde1	2021-10-30T17:00:00Z	197	321383	0	4825	215	88	43	800	566	3997	595	189	-6	
636	5e8f33f1-8242-428b-8b4c-af8f9f7b19de	2021-10-31T17:00:00Z	201	321584	0	4825	206	89	45	800	552	3941	640	191	2	
637	a2efbc63-7838-4932-803c-8e954a6e6344	2021-11-01T17:00:00Z	170	321872	3	4828	211	92	39	800	542	3943	666	185	-6	
638	5e5101ad-dc78-46eb-824d-556b7d0f2b86	2021-11-02T17:00:00Z	155	322027	3	4876	200	88	38	798	546	3955	502	185	0	
639	61f0eb3d-6c5f-4992-8841-5e0b73c7b62f	2021-11-03T17:00:00Z	118	322145	2	4878	186	77	34	801	555	3980	454	170	-15	
640	f8996377-e467-49f4-8e9f-340444344f7d	2021-11-04T17:00:00Z	170	322315	5	4883	188	76	33	801	548	4113	510	169	-1	
641	7bc9da1c-a755-4f4b-84a5-9b307f316539	2021-11-05T17:00:00Z	139	322454	3	4886	161	70	53	801	552	4076	531	164	-5	
642	f7028742-c45f-4705-8381-d9c19952b51d	2021-11-06T18:00:00Z	153	322607	0	4886	135	60	51	803	556	4024	561	158	-6	
643	46eefc59-64c2-45bf-8bef-a353da9b386b	2021-11-07T18:00:00Z	137	322744	0	4886	140	58	44	803	566	3973	677	149	-9	
644	866b9b61-3e8d-40ce-81bc-85d29f3d75e0	2021-11-08T18:00:00Z	160	323238	2	4888	145	59	32	803	564	3921	644	147	-2	
645	9c6dfc0d-e6ee-4211-8948-9067d5c74af4	2021-11-09T18:00:00Z	184	323422	2	4938	136	50	30	803	557	3982	489	152	5	
646	f654c9f9-301a-4782-8b84-2afbb6fe8c7a	2021-11-10T18:00:00Z	215	323637	3	4941	147	55	30	799	554	4017	434	165	13	
647	ed5578ba-66b1-43c0-86cc-c89a80c83841	2021-11-11T18:00:00Z	185	323822	0	4941	141	49	27	802	560	4103	465	168	3	
648	36123660-0ab2-4559-86d0-92549e0d0704	2021-11-12T18:00:00Z	188	324010	3	4944	140	48	26	803	579	4100	458	175	7	
649	fbba0e42-3329-46f6-89c2-fa8219833b46	2021-11-13T18:00:00Z	191	324201	0	4944	133	45	27	804	572	3942	581	180	5	
650	c3cbccb9-b63e-4d24-8737-9145cc62ab5a	2021-11-14T18:00:00Z	271	324472	0	4944	134	48	27	809	582	3943	671	199	19	
651	69060793-ce5e-40f7-8a34-11fa7c28fbd0	2021-11-15T18:00:00Z	239	324826	0	4944	150	54	25	801	557	3981	659	210	11	
652	b7c3cde0-f919-4d17-8d9e-8aa6d31bd86f	2021-11-16T18:00:00Z	268	325094	1	4945	159	61	26	801	558	3970	512	222	12	
653	12258bd8-990c-4ccb-8801-a806140f9a0a	2021-11-17T18:00:00Z	226	325320	0	4945	157	57	27	801	559	4046	424	224	2	
654	1e3427d1-bbbb-402f-891c-8859bd8bf51e	2021-11-18T18:00:00Z	157	325477	0	4945	152	54	23	813	558	4075	390	220	-4	
655	606104fb-57a3-43a6-88fe-c69eb8f7a32f	2021-11-19T18:00:00Z	13	325490	0	4945	140	48	25	800	547	4066	455	195	-25	
656	4a9ae377-a5b4-48ba-8fec-5a416a36e000	2021-11-20T18:00:00Z	172	325662	0	4945	148	54	26	800	555	3983	562	192	-3	
657	3b6e056d-9266-458d-85d7-69790e610713	2021-11-21T18:00:00Z	164	325826	0	4945	154	54	26	801	576	3938	641	177	-15	
658	3d7b5c08-1d32-4ea9-8436-da48220aa076	2021-11-22T18:00:00Z	242	326135	1	4946	161	54	19	800	577	4004	633	177	0	
659	874a6a85-77e8-43e2-80a1-9b20b02d074e	2021-11-23T18:00:00Z	288	326423	0	4946	156	54	21	801	567	4065	512	180	3	
660	225864ef-9b2f-4895-8ea1-1b0ffff7f8b4	2021-11-24T18:00:00Z	135	326558	2	4948	157	50	24	801	570	4052	508	167	-13	
661	c97c29a6-fb7b-4c59-8fa6-1b9b83c2950e	2021-11-25T18:00:00Z	214	326772	0	4948	160	54	25	801	575	3979	775	175	8	
662	426693fc-dec8-4bff-8569-30d36e4caa8b	2021-11-26T18:00:00Z	151	326923	0	4948	154	58	24	801	564	3917	907	195	20	
663	ce194681-eb4e-447a-87b3-4fe55f01e4c7	2021-11-27T18:00:00Z	160	327083	0	4948	163	62	29	802	568	3871	818	193	-2	
664	f79d83fe-afba-437c-896b-51029e9c97d0	2021-11-28T18:00:00Z	139	327222	0	4948	168	69	34	802	555	3917	781	190	-3	
665	1f435447-4ffd-4985-8602-40ed941729fb	2021-11-29T18:00:00Z	159	327394	2	4950	177	71	30	802	559	3890	636	178	-12	
666	6d7f2bad-1eee-479c-84e9-54aef63acb98	2021-11-30T18:00:00Z	198	327592	0	4950	184	65	29	801	550	3955	449	165	-13	
667	61462e04-9a6a-4bb4-86f0-c7241a2bb72d	2021-12-01T18:00:00Z	190	327782	2	4952	185	69	25	801	562	4021	374	173	8	
668	13b24b71-d8e5-413f-8c52-e62bd45dd5e1	2021-12-02T18:00:00Z	250	328032	0	4952	181	68	36	801	554	4074	385	178	5	
669	121cc542-a3ee-48cd-827d-d5a7250d87c9	2021-12-03T18:00:00Z	242	328274	1	4953	183	70	32	803	550	4106	434	191	13	
670	ec576400-44ba-41f4-8fcf-204e2ce813cf	2021-12-04T18:00:00Z	233	328507	0	4953	184	69	39	806	542	4006	425	202	11	
671	96a8c27d-4eb7-4d7f-8cd4-2629f7e7eaeb	2021-12-05T18:00:00Z	243	328750	0	4953	186	66	38	803	554	3946	549	216	14	
672	a0f722ab-d230-4412-84f7-d6cc36dabfe0	2021-12-06T18:00:00Z	259	329124	0	4953	209	73	31	802	561	3868	487	231	15	
673	eb9d347a-d010-4d09-821c-1893aaacee11	2021-12-07T18:00:00Z	354	329478	0	4953	215	70	34	802	553	4001	387	253	22	
674	3b0b6b48-942d-429d-8528-39340cbbb15b	2021-12-08T18:00:00Z	233	329711	4	4957	195	71	29	801	563	4053	372	259	6	
675	4870921d-706d-43a7-89ab-8fa3723af3d7	2021-12-09T18:00:00Z	267	329978	2	4959	189	67	30	803	566	4041	391	262	3	
676	635ae9a3-4d40-4bc7-8630-6770a48e94ff	2021-12-10T18:00:00Z	10	329988	0	4959	190	65	39	803	553	4045	405	228	-34	
677	604c845a-dc88-4e5e-8d6b-7b4302ef2186	2021-12-11T18:00:00Z	388	330376	0	4959	206	79	46	803	553	4025	449	251	23	
678	6175365b-3c99-4fbb-8e82-02a67d93709f	2021-12-12T18:00:00Z	228	330604	0	4959	207	83	49	801	546	3981	560	248	-3	
679	02276530-f2dd-4510-8a02-1a359021ad11	2021-12-13T18:00:00Z	337	331048	1	4960	203	78	40	801	552	3950	560	260	12	
680	d59c6f04-bb4d-4cd4-8d50-1f051c376bd4	2021-12-14T18:00:00Z	199	331247	2	4962	198	78	43	802	552	3953	423	237	-23	
681	c2814f22-0cd3-41d2-8e3e-e872c89deaf4	2021-12-15T18:00:00Z	204	331451	0	4962	199	81	44	802	545	3984	375	233	-4	
682	69092576-9f5a-4a16-8b05-ff7a7c15fd50	2021-12-16T18:00:00Z	252	331703	0	4962	193	79	44	801	559	4051	385	231	-2	
683	19cff231-6d1c-4542-8ccb-e570886b0c53	2021-12-17T18:00:00Z	233	331936	6	4968	183	79	40	801	571	4030	396	263	32	
684	ec464ce5-4bfb-44f5-8bca-2918fb978162	2021-12-18T18:00:00Z	284	332220	0	4968	176	82	49	815	579	3986	460	248	-15	
685	90a1dd6a-71d7-4cef-8b6e-41b4dd44d72f	2021-12-19T18:00:00Z	321	332541	0	4968	181	84	46	803	567	3916	537	261	13	
686	616aa25f-cb7b-4183-850a-ca1eb5765bb6	2021-12-20T18:00:00Z	427	333090	2	4970	180	83	40	803	563	3894	566	274	13	
687	0f8c2af7-6fae-456f-8f55-ec3e97a4b50e	2021-12-21T18:00:00Z	458	333548	1	4971	185	72	39	802	555	3944	490	311	37	
688	9869a6da-51ea-448f-8930-4901a92d2763	2021-12-22T18:00:00Z	131	333679	0	4971	182	72	44	792	556	3961	437	301	-10	
689	72b3daa4-4cd7-43fa-8430-acb4b3cd9f36	2021-12-23T18:00:00Z	376	334055	4	4975	200	77	44	793	551	3938	499	319	18	
690	c315fcef-af31-410b-8a84-220dcbf9061c	2022-01-03T18:00:00Z	3894	351208	2	4977	506	111	41	791	540	3763	480	2055	424	
691	2ffe7f36-121c-4145-8091-c11a47fda3ca	2022-01-02T18:00:00Z	3757	347314	0	4975	456	94	30	791	531	3778	511	1631	484	
692	0b8d9ad0-d9d5-4d43-88e9-7fb56c40117a	2022-01-01T18:00:00Z	3877	343557	0	4975	405	87	32	791	541	3872	615	1147	438	
693	5cdf50a6-73be-4632-8636-30f24f09db0f	2021-12-31T18:00:00Z	806	339680	0	4975	372	85	32	793	546	3877	452	709	21	
694	97d85904-60c4-4fe3-8072-bc8ea3dd28e6	2021-12-30T18:00:00Z	668	338874	0	4975	352	74	30	792	533	3899	401	688	41	
695	b3fa8607-7e22-4d76-8cf5-74024a4375f1	2021-12-29T18:00:00Z	452	338206	0	4975	325	82	36	792	542	3859	417	647	46	
696	d0657a62-fc99-4045-8fc7-a046923d32c2	2021-12-28T18:00:00Z	933	337754	0	4975	294	86	37	792	545	3855	524	601	68	
697	ee93dde8-56f5-445f-8957-0b824535b6d5	2021-12-27T18:00:00Z	926	336821	0	4975	259	81	37	792	545	3728	674	533	71	
698	efdf9ec0-7548-4079-8a5e-3ba177cb7e91	2021-12-26T18:00:00Z	366	335895	0	4975	225	75	38	793	541	3744	876	462	7	
699	ddef41cc-d8f3-47c9-87f7-b9c70e173f1c	2021-12-25T18:00:00Z	814	335529	0	4975	202	68	41	793	540	3807	763	455	75	
700	cb5a7cac-87c0-4a3e-896b-fdab9a286909	2021-12-24T18:00:00Z	660	334715	0	4975	198	69	44	793	551	3916	697	380	61	
701	e463c3ec-e797-49c3-8262-9a43873fd685	2022-01-04T18:00:00Z	4363	355732	0	4977	533	116	47	789	527	3830	404	2545	490	
702	1cfac66d-285c-4ef8-8cfc-9a5078f12498	2022-01-05T18:00:00Z	2757	358489	7	4984	569	134	48	785	507	3924	416	2875	330	
703	7716e241-81c4-4836-82a9-51a8f1ae40a5	2022-01-06T18:00:00Z	2358	360847	6	4990	625	142	52	785	512	3959	383	3116	241	
704	1519f2a3-e43b-4f24-8ff5-2f1d300d8757	2022-01-07T18:00:00Z	4331	365178	1	4991	679	150	59	793	508	3930	383	3620	504	
705	9887b378-5d85-4672-8e55-5ed69372d0c1	2022-01-08T18:00:00Z	4311	369489	0	4991	731	153	58	793	514	3947	470	3682	62	
706	7096bee2-e152-4a98-80cc-f782e784a0ac	2022-01-09T18:00:00Z	3489	372978	0	4991	778	164	56	793	513	3891	509	3643	-39	
707	5004b615-f2ce-4d51-80db-f2a452ece2a1	2022-01-10T18:00:00Z	4023	377447	3	4994	815	186	65	793	521	3867	509	3662	19	
708	3128ba3d-ce36-4e3e-8514-49d47d47354c	2022-01-11T18:00:00Z	4248	381695	0	4994	898	195	73	797	523	3987	411	3645	-17	
709	5f691097-2264-4678-8e29-58a617025636	2022-01-12T18:00:00Z	7704	389399	3	4997	958	201	79	785	523	4024	417	4352	707	
710	83791f53-3db9-41f9-83cc-ba3ab5da9257	2022-01-13T18:00:00Z	5781	395180	9	5006	982	206	73	785	513	4112	385	4841	489	
711	3c9b0120-ec79-4874-88c7-10f0c59ca302	2022-01-14T18:00:00Z	3796	398976	0	5006	1028	214	76	791	515	4064	358	4765	-76	
712	f40c8c85-b29a-4b83-8263-5689f50a4e8b	2022-01-15T18:00:00Z	7230	406206	0	5006	1043	220	83	789	509	4051	404	4327	-438	
713	7c8d20e5-4ccb-4b12-869b-ed8db9986e07	2022-01-16T18:00:00Z	4077	410283	0	5006	1095	237	96	789	504	4024	488	4411	84	
714	8ae31ae1-9284-483c-84ff-c1d9c2725f48	2022-01-17T18:00:00Z	8982	419265	0	5006	1129	239	94	789	491	4018	485	5119	708	
715	3aef7283-da43-428a-873a-724fffe16dbf	2022-01-18T18:00:00Z	5413	425396	7	5013	1197	249	105	775	487	4099	401	6140	166	
716	8477595b-6d54-44c6-8216-0ab6014955bc	2022-01-19T18:00:00Z	6450	431846	5	5018	1218	260	111	771	487	4021	333	5961	-179	
